Time_hr,Host,Type,Treatment,Description,Metric,Value,Value_clean
0,BALO,1M,1M_BALO,BALO,PFU,35,35
0,BALO,1M,1M_BALO,BALO,PFU,27,27
0,BALO,1M,1M_BALO,BALO,PFU,32,32
0,BALO,1M,1M_BALO,BALO,PFU,21,21
0,BALO,1M,1M_BALO,BALO,PFU,30,30
0,BALO,1M,1M_BALO,BALO,PFU,30,30
0,BALO,1M,1M_BALO,BALO,PFU,28,28
0,BALO,1M,1M_BALO,BALO,PFU,26,26
0,BALO,1M,1M_BALO,BALO,PFU,20,20
0,Phage,1M,1M_Phage,Phage,PFU,367,367
0,Phage,1M,1M_Phage,Phage,PFU,376,376
0,Phage,1M,1M_Phage,Phage,PFU,278,278
0,Phage,1M,1M_Phage,Phage,PFU,23,23
0,Phage,1M,1M_Phage,Phage,PFU,314,314
0,Phage,1M,1M_Phage,Phage,PFU,354,354
0,Phage,1M,1M_Phage,Phage,PFU,325,325
0,Phage,1M,1M_Phage,Phage,PFU,328,328
0,Phage,1M,1M_Phage,Phage,PFU,324,324
0,BALO,2M,2M,Bd1_Phage,PFU,46,46
0,BALO,2M,2M,Bd1_Phage,PFU,38,38
0,BALO,2M,2M,Bd1_Phage,PFU,39,39
0,BALO,2M,2M,Bd1_Phage,PFU,27,27
0,BALO,2M,2M,Bd1_Phage,PFU,20,20
0,BALO,2M,2M,Bd1_Phage,PFU,32,32
0,BALO,2M,2M,Bd1_Phage,PFU,29,29
0,BALO,2M,2M,Bd1_Phage,PFU,32,32
0,BALO,2M,2M,Bd1_Phage,PFU,37,37
0,BALO,2M,2M,Bd1_Phage,PFU,201,201
0,BALO,2M,2M,Bd1_Phage,PFU,231,231
0,BALO,2M,2M,Bd1_Phage,PFU,355,355
0,BALO,2M,2M,Bd1_Phage,PFU,267,267
0,BALO,2M,2M,Bd1_Phage,PFU,333,333
0,BALO,2M,2M,Bd1_Phage,PFU,323,323
0,BALO,2M,2M,Bd1_Phage,PFU,298,298
0,BALO,2M,2M,Bd1_Phage,PFU,289,289
0,BALO,2M,2M,Bd1_Phage,PFU,214,214
0,BALO,2M,2M,Bd1_Phage,PFU,15,15
0,A.sobria,2M,2M,Bd1_A.sobria,PFU,38,38
0,A.sobria,2M,2M,Bd1_A.sobria,PFU,46,46
0,A.sobria,2M,2M,Bd1_A.sobria,PFU,26,26
0,A.sobria,2M,2M,Bd1_A.sobria,PFU,27,27
0,A.sobria,2M,2M,Bd1_A.sobria,PFU,19,19
0,A.sobria,2M,2M,Bd1_A.sobria,PFU,28,28
0,A.sobria,2M,2M,Bd1_A.sobria,PFU,23,23
0,A.sobria,2M,2M,Bd1_A.sobria,PFU,26,26
0,A.sobria,2M,2M,Bd1_A.sobria,PFU,25,25
0,A.sobria,2M,2M,Phage_A.sobria,PFU,325,325
0,A.sobria,2M,2M,Phage_A.sobria,PFU,17,17
0,A.sobria,2M,2M,Phage_A.sobria,PFU,31,31
0,A.sobria,2M,2M,Phage_A.sobria,PFU,323,323
0,A.sobria,2M,2M,Phage_A.sobria,PFU,236,236
0,A.sobria,2M,2M,Phage_A.sobria,PFU,321,321
0,A.sobria,2M,2M,Phage_A.sobria,PFU,112,112
0,A.sobria,2M,2M,Phage_A.sobria,PFU,144,144
0,A.sobria,2M,2M,Phage_A.sobria,PFU,178,178
0,A.sobria,3M,3M,A_Bd1_Bd2,PFU,40,40
0,A.sobria,3M,3M,A_Bd1_Bd2,PFU,37,37
0,A.sobria,3M,3M,A_Bd1_Bd2,PFU,43,43
0,A.sobria,3M,3M,A_Bd1_Bd2,PFU,14,14
0,A.sobria,3M,3M,A_Bd1_Bd2,PFU,13,13
0,A.sobria,3M,3M,A_Bd1_Bd2,PFU,12,12
0,A.sobria,3M,3M,A_Bd1_Bd2,PFU,15,15
0,A.sobria,3M,3M,A_Bd1_Bd2,PFU,13,13
0,A.sobria,3M,3M,A_Bd1_Bd2,PFU,16,16
0,A.sobria,3M,3M,A_Bd1_Phage,PFU,66,66
0,A.sobria,3M,3M,A_Bd1_Phage,PFU,19,19
0,A.sobria,3M,3M,A_Bd1_Phage,PFU,50,50
0,A.sobria,3M,3M,A_Bd1_Phage,PFU,156,156
0,A.sobria,3M,3M,A_Bd1_Phage,PFU,145,145
0,A.sobria,3M,3M,A_Bd1_Phage,PFU,41,41
0,A.sobria,3M,3M,A_Bd1_Phage,PFU,165,165
0,A.sobria,3M,3M,A_Bd1_Phage,PFU,187,187
0,A.sobria,3M,3M,A_Bd1_Phage,PFU,188,188
0.5,BALO,1M,1M_BALO,BALO,PFU,17,17
0.5,BALO,1M,1M_BALO,BALO,PFU,34,34
0.5,BALO,1M,1M_BALO,BALO,PFU,19,19
0.5,BALO,1M,1M_BALO,BALO,PFU,12,12
0.5,BALO,1M,1M_BALO,BALO,PFU,30,30
0.5,BALO,1M,1M_BALO,BALO,PFU,24,24
0.5,BALO,1M,1M_BALO,BALO,PFU,32,32
0.5,BALO,1M,1M_BALO,BALO,PFU,26,26
0.5,Phage,1M,1M_BALO,Phage,PFU,33,33
0.5,Phage,1M,1M_Phage,Phage,PFU,367,367
0.5,Phage,1M,1M_Phage,Phage,PFU,20,20
0.5,Phage,1M,1M_Phage,Phage,PFU,344,344
0.5,Phage,1M,1M_Phage,Phage,PFU,322,322
0.5,Phage,1M,1M_Phage,Phage,PFU,245,245
0.5,Phage,1M,1M_Phage,Phage,PFU,260,260
0.5,Phage,1M,1M_Phage,Phage,PFU,202,202
0.5,Phage,1M,1M_Phage,Phage,PFU,190,190
0.5,Phage,1M,1M_Phage,Phage,PFU,325,325
0.5,BALO,2M,2M,Bd1_Phage,PFU,28,28
0.5,BALO,2M,2M,Bd1_Phage,PFU,29,29
0.5,BALO,2M,2M,Bd1_Phage,PFU,24,24
0.5,BALO,2M,2M,Bd1_Phage,PFU,26,26
0.5,BALO,2M,2M,Bd1_Phage,PFU,34,34
0.5,BALO,2M,2M,Bd1_Phage,PFU,25,25
0.5,BALO,2M,2M,Bd1_Phage,PFU,26,26
0.5,BALO,2M,2M,Bd1_Phage,PFU,33,33
0.5,BALO,2M,2M,Bd1_Phage,PFU,58,58
0.5,BALO,2M,2M,Bd1_Phage,PFU,230,230
0.5,BALO,2M,2M,Bd1_Phage,PFU,195,195
0.5,BALO,2M,2M,Bd1_Phage,PFU,275,275
0.5,BALO,2M,2M,Bd1_Phage,PFU,260,260
0.5,BALO,2M,2M,Bd1_Phage,PFU,270,270
0.5,BALO,2M,2M,Bd1_Phage,PFU,322,322
0.5,BALO,2M,2M,Bd1_Phage,PFU,202,202
0.5,BALO,2M,2M,Bd1_Phage,PFU,190,190
0.5,BALO,2M,2M,Bd1_Phage,PFU,325,325
0.5,BALO,2M,2M,Bd1_Phage,PFU,0,0
0.5,A.sobria,2M,2M,Bd1_A.sobria,PFU,16,16
0.5,A.sobria,2M,2M,Bd1_A.sobria,PFU,30,30
0.5,A.sobria,2M,2M,Bd1_A.sobria,PFU,7,7
0.5,A.sobria,2M,2M,Bd1_A.sobria,PFU,14,14
0.5,A.sobria,2M,2M,Bd1_A.sobria,PFU,31,31
0.5,A.sobria,2M,2M,Bd1_A.sobria,PFU,8,8
0.5,A.sobria,2M,2M,Bd1_A.sobria,PFU,15,15
0.5,A.sobria,2M,2M,Bd1_A.sobria,PFU,27,27
0.5,A.sobria,2M,2M,Bd1_A.sobria,PFU,18,18
0.5,A.sobria,2M,2M,Bd1_A.sobria,PFU,154,154
0.5,A.sobria,2M,2M,Bd1_A.sobria,PFU,246,246
0.5,A.sobria,2M,2M,Bd1_A.sobria,PFU,145,145
0.5,A.sobria,2M,2M,Bd1_A.sobria,PFU,140,140
0.5,A.sobria,2M,2M,Bd1_A.sobria,PFU,310,310
0.5,A.sobria,2M,2M,Bd1_A.sobria,PFU,230,230
0.5,A.sobria,2M,2M,Bd1_A.sobria,PFU,160,160
0.5,A.sobria,2M,2M,Bd1_A.sobria,PFU,220,220
0.5,A.sobria,2M,2M,Bd1_A.sobria,PFU,248,248
0.5,A.sobria,3M,3M,A_Bd1_Bd2,PFU,32,32
0.5,A.sobria,3M,3M,A_Bd1_Bd2,PFU,32,32
0.5,A.sobria,3M,3M,A_Bd1_Bd2,PFU,32,32
0.5,A.sobria,3M,3M,A_Bd1_Bd2,PFU,32,32
0.5,A.sobria,3M,3M,A_Bd1_Bd2,PFU,32,32
0.5,A.sobria,3M,3M,A_Bd1_Bd2,PFU,32,32
0.5,A.sobria,3M,3M,A_Bd1_Bd2,PFU,32,32
0.5,A.sobria,3M,3M,A_Bd1_Bd2,PFU,32,32
0.5,A.sobria,3M,3M,A_Bd1_Bd2,PFU,32,32
0.5,A.sobria,3M,3M,A_Bd1_Phage,PFU,32,32
0.5,A.sobria,3M,3M,A_Bd1_Phage,PFU,32,32
0.5,A.sobria,3M,3M,A_Bd1_Phage,PFU,32,32
0.5,A.sobria,3M,3M,A_Bd1_Phage,PFU,32,32
0.5,A.sobria,3M,3M,A_Bd1_Phage,PFU,32,32
0.5,A.sobria,3M,3M,A_Bd1_Phage,PFU,32,32
0.5,A.sobria,3M,3M,A_Bd1_Phage,PFU,32,32
0.5,A.sobria,3M,3M,A_Bd1_Phage,PFU,32,32
0.5,A.sobria,3M,3M,A_Bd1_Phage,PFU,32,32
1,BALO,1M,1M_BALO,BALO,PFU,27,27
1,BALO,1M,1M_BALO,BALO,PFU,24,24
1,BALO,1M,1M_BALO,BALO,PFU,25,25
1,BALO,1M,1M_BALO,BALO,PFU,20,20
1,BALO,1M,1M_BALO,BALO,PFU,26,26
1,BALO,1M,1M_BALO,BALO,PFU,33,33
1,BALO,1M,1M_BALO,BALO,PFU,21,21
1,BALO,1M,1M_BALO,BALO,PFU,19,19
1,BALO,1M,1M_BALO,BALO,PFU,22,22
1,Phage,1M,1M_Phage,Phage,PFU,344,344
1,Phage,1M,1M_Phage,Phage,PFU,234,234
1,Phage,1M,1M_Phage,Phage,PFU,367,367
1,Phage,1M,1M_Phage,Phage,PFU,109,109
1,Phage,1M,1M_Phage,Phage,PFU,310,310
1,Phage,1M,1M_Phage,Phage,PFU,189,189
1,Phage,1M,1M_Phage,Phage,PFU,199,199
1,Phage,1M,1M_Phage,Phage,PFU,210,210
1,Phage,1M,1M_Phage,Phage,PFU,305,305
1,BALO,2M,2M,Bd1_Phage,PFU,29,29
1,BALO,2M,2M,Bd1_Phage,PFU,29,29
1,BALO,2M,2M,Bd1_Phage,PFU,39,39
1,BALO,2M,2M,Bd1_Phage,PFU,26,26
1,BALO,2M,2M,Bd1_Phage,PFU,25,25
1,BALO,2M,2M,Bd1_Phage,PFU,18,18
1,BALO,2M,2M,Bd1_Phage,PFU,34,34
1,BALO,2M,2M,Bd1_Phage,PFU,22,22
1,BALO,2M,2M,Bd1_Phage,PFU,31,31
1,BALO,2M,2M,Bd1_Phage,PFU,275,275
1,BALO,2M,2M,Bd1_Phage,PFU,195,195
1,BALO,2M,2M,Bd1_Phage,PFU,230,230
1,BALO,2M,2M,Bd1_Phage,PFU,170,170
1,BALO,2M,2M,Bd1_Phage,PFU,225,225
1,BALO,2M,2M,Bd1_Phage,PFU,305,305
1,BALO,2M,2M,Bd1_Phage,PFU,125,125
1,BALO,2M,2M,Bd1_Phage,PFU,275,275
1,BALO,2M,2M,Bd1_Phage,PFU,305,305
1,BALO,2M,2M,Bd1_Phage,PFU,0,0
1,A.sobria,2M,2M,Bd1_A.sobria,PFU,16,16
1,A.sobria,2M,2M,Bd1_A.sobria,PFU,30,30
1,A.sobria,2M,2M,Bd1_A.sobria,PFU,17,17
1,A.sobria,2M,2M,Bd1_A.sobria,PFU,18,18
1,A.sobria,2M,2M,Bd1_A.sobria,PFU,23,23
1,A.sobria,2M,2M,Bd1_A.sobria,PFU,23,23
1,A.sobria,2M,2M,Bd1_A.sobria,PFU,27,27
1,A.sobria,2M,2M,Bd1_A.sobria,PFU,11,11
1,A.sobria,2M,2M,Bd1_A.sobria,PFU,12,12
1,A.sobria,2M,2M,Bd1_A.sobria,PFU,154,154
1,A.sobria,2M,2M,Bd1_A.sobria,PFU,246,246
1,A.sobria,2M,2M,Bd1_A.sobria,PFU,145,145
1,A.sobria,2M,2M,Bd1_A.sobria,PFU,224,224
1,A.sobria,2M,2M,Bd1_A.sobria,PFU,225,225
1,A.sobria,2M,2M,Bd1_A.sobria,PFU,191,191
1,A.sobria,2M,2M,Bd1_A.sobria,PFU,49,49
1,A.sobria,2M,2M,Bd1_A.sobria,PFU,220,220
1,A.sobria,2M,2M,Bd1_A.sobria,PFU,241,241
1,A.sobria,3M,3M,A_Bd1_Bd2,PFU,32,32
1,A.sobria,3M,3M,A_Bd1_Bd2,PFU,15,15
1,A.sobria,3M,3M,A_Bd1_Bd2,PFU,7,7
1,A.sobria,3M,3M,A_Bd1_Bd2,PFU,26,26
1,A.sobria,3M,3M,A_Bd1_Bd2,PFU,20,20
1,A.sobria,3M,3M,A_Bd1_Bd2,PFU,37,37
1,A.sobria,3M,3M,A_Bd1_Bd2,PFU,12,12
1,A.sobria,3M,3M,A_Bd1_Bd2,PFU,28,28
1,A.sobria,3M,3M,A_Bd1_Bd2,PFU,21,21
1,A.sobria,3M,3M,A_Bd1_Phage,PFU,165,165
1,A.sobria,3M,3M,A_Bd1_Phage,PFU,215,215
1,A.sobria,3M,3M,A_Bd1_Phage,PFU,128,128
1,A.sobria,3M,3M,A_Bd1_Phage,PFU,111,111
1,A.sobria,3M,3M,A_Bd1_Phage,PFU,218,218
1,A.sobria,3M,3M,A_Bd1_Phage,PFU,180,180
1,A.sobria,3M,3M,A_Bd1_Phage,PFU,128,128
1,A.sobria,3M,3M,A_Bd1_Phage,PFU,240,240
1,A.sobria,3M,3M,A_Bd1_Phage,PFU,141,141
3,BALO,1M,1M_BALO,BALO,PFU,21,21
3,BALO,1M,1M_BALO,BALO,PFU,22,22
3,BALO,1M,1M_BALO,BALO,PFU,38,38
3,BALO,1M,1M_BALO,BALO,PFU,15,15
3,BALO,1M,1M_BALO,BALO,PFU,26,26
3,BALO,1M,1M_BALO,BALO,PFU,20,20
3,BALO,1M,1M_BALO,BALO,PFU,31,31
3,BALO,1M,1M_BALO,BALO,PFU,16,16
3,BALO,1M,1M_BALO,BALO,PFU,26,26
3,Phage,1M,1M_Phage,Phage,PFU,423,423
3,Phage,1M,1M_Phage,Phage,PFU,170,170
3,Phage,1M,1M_Phage,Phage,PFU,256,256
3,Phage,1M,1M_Phage,Phage,PFU,254,254
3,Phage,1M,1M_Phage,Phage,PFU,170,170
3,Phage,1M,1M_Phage,Phage,PFU,295,295
3,Phage,1M,1M_Phage,Phage,PFU,320,320
3,Phage,1M,1M_Phage,Phage,PFU,178,178
3,Phage,1M,1M_Phage,Phage,PFU,259,259
3,BALO,2M,2M,Bd1_Phage,PFU,30,30
3,BALO,2M,2M,Bd1_Phage,PFU,28,28
3,BALO,2M,2M,Bd1_Phage,PFU,25,25
3,BALO,2M,2M,Bd1_Phage,PFU,26,26
3,BALO,2M,2M,Bd1_Phage,PFU,27,27
3,BALO,2M,2M,Bd1_Phage,PFU,30,30
3,BALO,2M,2M,Bd1_Phage,PFU,28,28
3,BALO,2M,2M,Bd1_Phage,PFU,25,25
3,BALO,2M,2M,Bd1_Phage,PFU,28,28
3,BALO,2M,2M,Bd1_Phage,PFU,235,235
3,BALO,2M,2M,Bd1_Phage,PFU,215,215
3,BALO,2M,2M,Bd1_Phage,PFU,366,366
3,BALO,2M,2M,Bd1_Phage,PFU,320,320
3,BALO,2M,2M,Bd1_Phage,PFU,210,210
3,BALO,2M,2M,Bd1_Phage,PFU,166,166
3,BALO,2M,2M,Bd1_Phage,PFU,255,255
3,BALO,2M,2M,Bd1_Phage,PFU,235,235
3,BALO,2M,2M,Bd1_Phage,PFU,310,310
3,BALO,2M,2M,Bd1_Phage,PFU,0,0
3,A.sobria,2M,2M,Bd1_A.sobria,PFU,22,22
3,A.sobria,2M,2M,Bd1_A.sobria,PFU,26,26
3,A.sobria,2M,2M,Bd1_A.sobria,PFU,15,15
3,A.sobria,2M,2M,Bd1_A.sobria,PFU,14,14
3,A.sobria,2M,2M,Bd1_A.sobria,PFU,21,21
3,A.sobria,2M,2M,Bd1_A.sobria,PFU,18,18
3,A.sobria,2M,2M,Bd1_A.sobria,PFU,27,27
3,A.sobria,2M,2M,Bd1_A.sobria,PFU,15,15
3,A.sobria,2M,2M,Bd1_A.sobria,PFU,17,17
3,A.sobria,2M,2M,Bd1_A.sobria,PFU,138,138
3,A.sobria,2M,2M,Bd1_A.sobria,PFU,366,366
3,A.sobria,2M,2M,Bd1_A.sobria,PFU,32,32
3,A.sobria,2M,2M,Bd1_A.sobria,PFU,170,170
3,A.sobria,2M,2M,Bd1_A.sobria,PFU,206,206
3,A.sobria,2M,2M,Bd1_A.sobria,PFU,160,160
3,A.sobria,2M,2M,Bd1_A.sobria,PFU,255,255
3,A.sobria,2M,2M,Bd1_A.sobria,PFU,190,190
3,A.sobria,2M,2M,Bd1_A.sobria,PFU,180,180
3,A.sobria,3M,3M,A_Bd1_Bd2,PFU,33,33
3,A.sobria,3M,3M,A_Bd1_Bd2,PFU,27,27
3,A.sobria,3M,3M,A_Bd1_Bd2,PFU,21,21
3,A.sobria,3M,3M,A_Bd1_Bd2,PFU,21,21
3,A.sobria,3M,3M,A_Bd1_Bd2,PFU,15,15
3,A.sobria,3M,3M,A_Bd1_Bd2,PFU,24,24
3,A.sobria,3M,3M,A_Bd1_Bd2,PFU,16,16
3,A.sobria,3M,3M,A_Bd1_Bd2,PFU,19,19
3,A.sobria,3M,3M,A_Bd1_Bd2,PFU,22,22
5,A.sobria,3M,3M,A_Bd1_Phage,PFU,147,147
5,A.sobria,3M,3M,A_Bd1_Phage,PFU,231,231
5,A.sobria,3M,3M,A_Bd1_Phage,PFU,305,305
5,A.sobria,3M,3M,A_Bd1_Phage,PFU,275,275
5,A.sobria,3M,3M,A_Bd1_Phage,PFU,225,225
5,A.sobria,3M,3M,A_Bd1_Phage,PFU,183,183
5,A.sobria,3M,3M,A_Bd1_Phage,PFU,103,103
5,A.sobria,3M,3M,A_Bd1_Phage,PFU,290,290
5,A.sobria,3M,3M,A_Bd1_Phage,PFU,210,210
5,BALO,1M,1M_BALO,BALO,PFU,32,32
5,BALO,1M,1M_BALO,BALO,PFU,19,19
5,BALO,1M,1M_BALO,BALO,PFU,20,20
5,BALO,1M,1M_BALO,BALO,PFU,28,28
5,BALO,1M,1M_BALO,BALO,PFU,25,25
5,BALO,1M,1M_BALO,BALO,PFU,29,29
5,BALO,1M,1M_BALO,BALO,PFU,23,23
5,BALO,1M,1M_BALO,BALO,PFU,27,27
5,BALO,1M,1M_BALO,BALO,PFU,27,27
5,Phage,1M,1M_Phage,Phage,PFU,355,355
5,Phage,1M,1M_Phage,Phage,PFU,245,245
5,Phage,1M,1M_Phage,Phage,PFU,272,272
5,Phage,1M,1M_Phage,Phage,PFU,174,174
5,Phage,1M,1M_Phage,Phage,PFU,275,275
5,Phage,1M,1M_Phage,Phage,PFU,217,217
5,Phage,1M,1M_Phage,Phage,PFU,93,93
5,Phage,1M,1M_Phage,Phage,PFU,180,180
5,Phage,1M,1M_Phage,Phage,PFU,280,280
5,BALO,2M,2M,Bd1_Phage,PFU,27,27
5,BALO,2M,2M,Bd1_Phage,PFU,29,29
5,BALO,2M,2M,Bd1_Phage,PFU,29,29
5,BALO,2M,2M,Bd1_Phage,PFU,41,41
5,BALO,2M,2M,Bd1_Phage,PFU,27,27
5,BALO,2M,2M,Bd1_Phage,PFU,18,18
5,BALO,2M,2M,Bd1_Phage,PFU,27,27
5,BALO,2M,2M,Bd1_Phage,PFU,27,27
5,BALO,2M,2M,Bd1_Phage,PFU,26,26
5,BALO,2M,2M,Bd1_Phage,PFU,255,255
5,BALO,2M,2M,Bd1_Phage,PFU,218,218
5,BALO,2M,2M,Bd1_Phage,PFU,347,347
5,BALO,2M,2M,Bd1_Phage,PFU,278,278
5,BALO,2M,2M,Bd1_Phage,PFU,267,267
5,BALO,2M,2M,Bd1_Phage,PFU,180,180
5,BALO,2M,2M,Bd1_Phage,PFU,290,290
5,BALO,2M,2M,Bd1_Phage,PFU,190,190
5,BALO,2M,2M,Bd1_Phage,PFU,145,145
5,BALO,2M,2M,Bd1_Phage,PFU,0,0
5,A.sobria,2M,2M,Bd1_A.sobria,PFU,21,21
5,A.sobria,2M,2M,Bd1_A.sobria,PFU,29,29
5,A.sobria,2M,2M,Bd1_A.sobria,PFU,11,11
5,A.sobria,2M,2M,Bd1_A.sobria,PFU,23,23
5,A.sobria,2M,2M,Bd1_A.sobria,PFU,22,22
5,A.sobria,2M,2M,Bd1_A.sobria,PFU,19,19
5,A.sobria,2M,2M,Bd1_A.sobria,PFU,22,22
5,A.sobria,2M,2M,Bd1_A.sobria,PFU,16,16
5,A.sobria,2M,2M,Bd1_A.sobria,PFU,29,29
5,A.sobria,2M,2M,Bd1_A.sobria,PFU,133,133
5,A.sobria,2M,2M,Bd1_A.sobria,PFU,25,25
5,A.sobria,2M,2M,Bd1_A.sobria,PFU,336,336
5,A.sobria,2M,2M,Bd1_A.sobria,PFU,58,58
5,A.sobria,2M,2M,Bd1_A.sobria,PFU,186,186
5,A.sobria,2M,2M,Bd1_A.sobria,PFU,279,279
5,A.sobria,2M,2M,Bd1_A.sobria,PFU,180,180
5,A.sobria,2M,2M,Bd1_A.sobria,PFU,258,258
5,A.sobria,2M,2M,Bd1_A.sobria,PFU,179,179
5,A.sobria,3M,3M,A_Bd1_Bd2,PFU,36,36
5,A.sobria,3M,3M,A_Bd1_Bd2,PFU,38,38
5,A.sobria,3M,3M,A_Bd1_Bd2,PFU,19,19
5,A.sobria,3M,3M,A_Bd1_Bd2,PFU,24,24
5,A.sobria,3M,3M,A_Bd1_Bd2,PFU,18,18
5,A.sobria,3M,3M,A_Bd1_Bd2,PFU,18,18
5,A.sobria,3M,3M,A_Bd1_Bd2,PFU,22,22
5,A.sobria,3M,3M,A_Bd1_Bd2,PFU,26,26
5,A.sobria,3M,3M,A_Bd1_Bd2,PFU,27,27
5,A.sobria,3M,3M,A_Bd1_Phage,PFU,154,154
5,A.sobria,3M,3M,A_Bd1_Phage,PFU,22,22
5,A.sobria,3M,3M,A_Bd1_Phage,PFU,117,117
5,A.sobria,3M,3M,A_Bd1_Phage,PFU,108,108
5,A.sobria,3M,3M,A_Bd1_Phage,PFU,105,105
5,A.sobria,3M,3M,A_Bd1_Phage,PFU,76,76
5,A.sobria,3M,3M,A_Bd1_Phage,PFU,168,168
5,A.sobria,3M,3M,A_Bd1_Phage,PFU,116,116
5,A.sobria,3M,3M,A_Bd1_Phage,PFU,45,45
0,A.sobria,1M,1M_A,A.sobria,CFU,80,80
0,A.sobria,1M,1M_A,A.sobria,CFU,198,198
0,A.sobria,1M,1M_A,A.sobria,CFU,203,203
0,A.sobria,1M,1M_A,A.sobria,CFU,256,256
0,A.sobria,1M,1M_A,A.sobria,CFU,135,135
0,A.sobria,1M,1M_A,A.sobria,CFU,97,97
0,A.sobria,1M,1M_A,A.sobria,CFU,90,90
0,A.sobria,1M,1M_A,A.sobria,CFU,125,125
0,A.sobria,1M,1M_A,A.sobria,CFU,301,301
0,A.sobria,2M,2M,Bd1_A.sobria,CFU,206,206
0,A.sobria,2M,2M,Bd1_A.sobria,CFU,105,105
0,A.sobria,2M,2M,Bd1_A.sobria,CFU,140,140
0,A.sobria,2M,2M,Bd1_A.sobria,CFU,99,99
0,A.sobria,2M,2M,Bd1_A.sobria,CFU,124,124
0,A.sobria,2M,2M,Bd1_A.sobria,CFU,205,205
0,A.sobria,2M,2M,Bd1_A.sobria,CFU,169,169
0,A.sobria,2M,2M,Bd1_A.sobria,CFU,164,164
0,A.sobria,2M,2M,Bd1_A.sobria,CFU,90,90
0,A.sobria,2M,2M,Phage_A.sobria,CFU,30,30
0,A.sobria,2M,2M,Phage_A.sobria,CFU,111,111
0,A.sobria,2M,2M,Phage_A.sobria,CFU,145,145
0,A.sobria,2M,2M,Phage_A.sobria,CFU,45,45
0,A.sobria,2M,2M,Phage_A.sobria,CFU,134,134
0,A.sobria,2M,2M,Phage_A.sobria,CFU,124,124
0,A.sobria,2M,2M,Phage_A.sobria,CFU,98,98
0,A.sobria,2M,2M,Phage_A.sobria,CFU,35,35
0,A.sobria,2M,2M,Phage_A.sobria,CFU,125,125
0,A.sobria,3M,3M,A_Bd1_Phage,CFU,110,110
0,A.sobria,3M,3M,A_Bd1_Phage,CFU,97,97
0,A.sobria,3M,3M,A_Bd1_Phage,CFU,90,90
0,A.sobria,3M,3M,A_Bd1_Phage,CFU,89,89
0,A.sobria,3M,3M,A_Bd1_Phage,CFU,127,127
0,A.sobria,3M,3M,A_Bd1_Phage,CFU,76,76
0,A.sobria,3M,3M,A_Bd1_Phage,CFU,56,56
0,A.sobria,3M,3M,A_Bd1_Phage,CFU,75,75
0,A.sobria,3M,3M,A_Bd1_Phage,CFU,208,208
0.5,A.sobria,1M,1M_A,A.sobria,CFU,128,128
0.5,A.sobria,1M,1M_A,A.sobria,CFU,290,290
0.5,A.sobria,1M,1M_A,A.sobria,CFU,58,58
0.5,A.sobria,1M,1M_A,A.sobria,CFU,210,210
0.5,A.sobria,1M,1M_A,A.sobria,CFU,245,245
0.5,A.sobria,1M,1M_A,A.sobria,CFU,180,180
0.5,A.sobria,1M,1M_A,A.sobria,CFU,235,235
0.5,A.sobria,1M,1M_A,A.sobria,CFU,175,175
0.5,A.sobria,1M,1M_A,A.sobria,CFU,257,257
0.5,A.sobria,2M,2M,Bd1_A.sobria,CFU,135,135
0.5,A.sobria,2M,2M,Bd1_A.sobria,CFU,115,115
0.5,A.sobria,2M,2M,Bd1_A.sobria,CFU,117,117
0.5,A.sobria,2M,2M,Bd1_A.sobria,CFU,98,98
0.5,A.sobria,2M,2M,Bd1_A.sobria,CFU,126,126
0.5,A.sobria,2M,2M,Bd1_A.sobria,CFU,140,140
0.5,A.sobria,2M,2M,Bd1_A.sobria,CFU,145,145
0.5,A.sobria,2M,2M,Bd1_A.sobria,CFU,157,157
0.5,A.sobria,2M,2M,Bd1_A.sobria,CFU,95,95
0.5,A.sobria,2M,2M,Phage_A.sobria,CFU,151,151
0.5,A.sobria,2M,2M,Phage_A.sobria,CFU,81,81
0.5,A.sobria,2M,2M,Phage_A.sobria,CFU,38,38
0.5,A.sobria,2M,2M,Phage_A.sobria,CFU,122,122
0.5,A.sobria,2M,2M,Phage_A.sobria,CFU,134,134
0.5,A.sobria,2M,2M,Phage_A.sobria,CFU,26,26
0.5,A.sobria,2M,2M,Phage_A.sobria,CFU,76,76
0.5,A.sobria,2M,2M,Phage_A.sobria,CFU,134,134
0.5,A.sobria,2M,2M,Phage_A.sobria,CFU,106,106
0.5,A.sobria,3M,3M,A_Bd1_Phage,CFU,80,80
0.5,A.sobria,3M,3M,A_Bd1_Phage,CFU,81,81
0.5,A.sobria,3M,3M,A_Bd1_Phage,CFU,75,75
0.5,A.sobria,3M,3M,A_Bd1_Phage,CFU,90,90
0.5,A.sobria,3M,3M,A_Bd1_Phage,CFU,76,76
0.5,A.sobria,3M,3M,A_Bd1_Phage,CFU,67,67
0.5,A.sobria,3M,3M,A_Bd1_Phage,CFU,47,47
0.5,A.sobria,3M,3M,A_Bd1_Phage,CFU,34,34
0.5,A.sobria,3M,3M,A_Bd1_Phage,CFU,135,135
1,A.sobria,1M,1M_A,A.sobria,CFU,301,301
1,A.sobria,1M,1M_A,A.sobria,CFU,245,245
1,A.sobria,1M,1M_A,A.sobria,CFU,115,115
1,A.sobria,1M,1M_A,A.sobria,CFU,260,260
1,A.sobria,1M,1M_A,A.sobria,CFU,203,203
1,A.sobria,1M,1M_A,A.sobria,CFU,124,124
1,A.sobria,1M,1M_A,A.sobria,CFU,234,234
1,A.sobria,1M,1M_A,A.sobria,CFU,267,267
1,A.sobria,1M,1M_A,A.sobria,CFU,123,123
1,A.sobria,2M,2M,Bd1_A.sobria,CFU,95,95
1,A.sobria,2M,2M,Bd1_A.sobria,CFU,98,98
1,A.sobria,2M,2M,Bd1_A.sobria,CFU,105,105
1,A.sobria,2M,2M,Bd1_A.sobria,CFU,88,88
1,A.sobria,2M,2M,Bd1_A.sobria,CFU,106,106
1,A.sobria,2M,2M,Bd1_A.sobria,CFU,91,91
1,A.sobria,2M,2M,Bd1_A.sobria,CFU,94,94
1,A.sobria,2M,2M,Bd1_A.sobria,CFU,129,129
1,A.sobria,2M,2M,Bd1_A.sobria,CFU,89,89
1,A.sobria,2M,2M,Phage_A.sobria,CFU,89,89
1,A.sobria,2M,2M,Phage_A.sobria,CFU,37,37
1,A.sobria,2M,2M,Phage_A.sobria,CFU,105,105
1,A.sobria,2M,2M,Phage_A.sobria,CFU,97,97
1,A.sobria,2M,2M,Phage_A.sobria,CFU,29,29
1,A.sobria,2M,2M,Phage_A.sobria,CFU,99,99
1,A.sobria,2M,2M,Phage_A.sobria,CFU,34,34
1,A.sobria,2M,2M,Phage_A.sobria,CFU,158,158
1,A.sobria,2M,2M,Phage_A.sobria,CFU,115,115
1,A.sobria,3M,3M,A_Bd1_Phage,CFU,65,65
1,A.sobria,3M,3M,A_Bd1_Phage,CFU,95,95
1,A.sobria,3M,3M,A_Bd1_Phage,CFU,70,70
1,A.sobria,3M,3M,A_Bd1_Phage,CFU,85,85
1,A.sobria,3M,3M,A_Bd1_Phage,CFU,107,107
1,A.sobria,3M,3M,A_Bd1_Phage,CFU,55,55
1,A.sobria,3M,3M,A_Bd1_Phage,CFU,62,62
1,A.sobria,3M,3M,A_Bd1_Phage,CFU,109,109
1,A.sobria,3M,3M,A_Bd1_Phage,CFU,67,67
3,A.sobria,1M,1M_A,A.sobria,CFU,210,210
3,A.sobria,1M,1M_A,A.sobria,CFU,197,197
3,A.sobria,1M,1M_A,A.sobria,CFU,280,280
3,A.sobria,1M,1M_A,A.sobria,CFU,176,176
3,A.sobria,1M,1M_A,A.sobria,CFU,155,155
3,A.sobria,1M,1M_A,A.sobria,CFU,140,140
3,A.sobria,1M,1M_A,A.sobria,CFU,215,215
3,A.sobria,1M,1M_A,A.sobria,CFU,165,165
3,A.sobria,1M,1M_A,A.sobria,CFU,290,290
3,A.sobria,2M,2M,Bd1_A.sobria,CFU,99,99
3,A.sobria,2M,2M,Bd1_A.sobria,CFU,80,80
3,A.sobria,2M,2M,Bd1_A.sobria,CFU,65,65
3,A.sobria,2M,2M,Bd1_A.sobria,CFU,105,105
3,A.sobria,2M,2M,Bd1_A.sobria,CFU,76,76
3,A.sobria,2M,2M,Bd1_A.sobria,CFU,67,67
3,A.sobria,2M,2M,Bd1_A.sobria,CFU,28,28
3,A.sobria,2M,2M,Bd1_A.sobria,CFU,37,37
3,A.sobria,2M,2M,Bd1_A.sobria,CFU,78,78
3,A.sobria,2M,2M,Phage_A.sobria,CFU,105,105
3,A.sobria,2M,2M,Phage_A.sobria,CFU,43,43
3,A.sobria,2M,2M,Phage_A.sobria,CFU,65,65
3,A.sobria,2M,2M,Phage_A.sobria,CFU,99,99
3,A.sobria,2M,2M,Phage_A.sobria,CFU,68,68
3,A.sobria,2M,2M,Phage_A.sobria,CFU,85,85
3,A.sobria,2M,2M,Phage_A.sobria,CFU,115,115
3,A.sobria,2M,2M,Phage_A.sobria,CFU,27,27
3,A.sobria,2M,2M,Phage_A.sobria,CFU,77,77
3,A.sobria,3M,3M,A_Bd1_Phage,CFU,70,70
3,A.sobria,3M,3M,A_Bd1_Phage,CFU,45,45
3,A.sobria,3M,3M,A_Bd1_Phage,CFU,43,43
3,A.sobria,3M,3M,A_Bd1_Phage,CFU,55,55
3,A.sobria,3M,3M,A_Bd1_Phage,CFU,32,32
3,A.sobria,3M,3M,A_Bd1_Phage,CFU,55,55
3,A.sobria,3M,3M,A_Bd1_Phage,CFU,67,67
3,A.sobria,3M,3M,A_Bd1_Phage,CFU,47,47
3,A.sobria,3M,3M,A_Bd1_Phage,CFU,34,34
5,A.sobria,1M,1M_A,A.sobria,CFU,301,301
5,A.sobria,1M,1M_A,A.sobria,CFU,190,190
5,A.sobria,1M,1M_A,A.sobria,CFU,237,237
5,A.sobria,1M,1M_A,A.sobria,CFU,217,217
5,A.sobria,1M,1M_A,A.sobria,CFU,158,158
5,A.sobria,1M,1M_A,A.sobria,CFU,302,302
5,A.sobria,1M,1M_A,A.sobria,CFU,160,160
5,A.sobria,1M,1M_A,A.sobria,CFU,166,166
5,A.sobria,1M,1M_A,A.sobria,CFU,156,156
5,A.sobria,2M,2M,Bd1_A.sobria,CFU,71,71
5,A.sobria,2M,2M,Bd1_A.sobria,CFU,99,99
5,A.sobria,2M,2M,Bd1_A.sobria,CFU,80,80
5,A.sobria,2M,2M,Bd1_A.sobria,CFU,65,65
5,A.sobria,2M,2M,Bd1_A.sobria,CFU,135,135
5,A.sobria,2M,2M,Bd1_A.sobria,CFU,65,65
5,A.sobria,2M,2M,Bd1_A.sobria,CFU,67,67
5,A.sobria,2M,2M,Bd1_A.sobria,CFU,50,50
5,A.sobria,2M,2M,Bd1_A.sobria,CFU,159,159
5,A.sobria,2M,2M,Phage_A.sobria,CFU,78,78
5,A.sobria,2M,2M,Phage_A.sobria,CFU,30,30
5,A.sobria,2M,2M,Phage_A.sobria,CFU,35,35
5,A.sobria,2M,2M,Phage_A.sobria,CFU,23,23
5,A.sobria,2M,2M,Phage_A.sobria,CFU,34,34
5,A.sobria,2M,2M,Phage_A.sobria,CFU,65,65
5,A.sobria,2M,2M,Phage_A.sobria,CFU,75,75
5,A.sobria,2M,2M,Phage_A.sobria,CFU,31,31
5,A.sobria,2M,2M,Phage_A.sobria,CFU,32,32
5,A.sobria,3M,3M,A_Bd1_Phage,CFU,30,30
5,A.sobria,3M,3M,A_Bd1_Phage,CFU,40,40
5,A.sobria,3M,3M,A_Bd1_Phage,CFU,35,35
5,A.sobria,3M,3M,A_Bd1_Phage,CFU,28,28
5,A.sobria,3M,3M,A_Bd1_Phage,CFU,36,36
5,A.sobria,3M,3M,A_Bd1_Phage,CFU,20,20
5,A.sobria,3M,3M,A_Bd1_Phage,CFU,45,45
5,A.sobria,3M,3M,A_Bd1_Phage,CFU,34,34
5,A.sobria,3M,3M,A_Bd1_Phage,CFU,55,55
0,BALO,1M,1M_BALO,BALO,OD,0.006,0.006
0,BALO,1M,1M_BALO,BALO,OD,0.005,0.005
0,BALO,1M,1M_BALO,BALO,OD,0.006,0.006
0,BALO,1M,1M_BALO,BALO,OD,0.005,0.005
0,BALO,1M,1M_BALO,BALO,OD,0.005,0.005
0,BALO,1M,1M_BALO,BALO,OD,0.007,0.007
0,BALO,1M,1M_BALO,BALO,OD,0.006,0.006
0,BALO,1M,1M_BALO,BALO,OD,0.005,0.005
0,BALO,1M,1M_BALO,BALO,OD,0.005,0.005
0,Phage,1M,1M_Phage,Phage,OD,0.001,0.001
0,Phage,1M,1M_Phage,Phage,OD,0,0
0,Phage,1M,1M_Phage,Phage,OD,0,0
0,Phage,1M,1M_Phage,Phage,OD,0.001,0.001
0,Phage,1M,1M_Phage,Phage,OD,0.001,0.001
0,Phage,1M,1M_Phage,Phage,OD,0.001,0.001
0,Phage,1M,1M_Phage,Phage,OD,0,0
0,Phage,1M,1M_Phage,Phage,OD,0,0
0,Phage,1M,1M_Phage,Phage,OD,0,0
0,A.sobria,1M,1M_A,A.sobria,OD,0.144,0.144
0,A.sobria,1M,1M_A,A.sobria,OD,0.137,0.137
0,A.sobria,1M,1M_A,A.sobria,OD,0.144,0.144
0,A.sobria,1M,1M_A,A.sobria,OD,0.14,0.14
0,A.sobria,1M,1M_A,A.sobria,OD,0.143,0.143
0,A.sobria,1M,1M_A,A.sobria,OD,0.141,0.141
0,A.sobria,1M,1M_A,A.sobria,OD,0.144,0.144
0,A.sobria,1M,1M_A,A.sobria,OD,0.143,0.143
0,A.sobria,1M,1M_A,A.sobria,OD,0.144,0.144
0,BALO,2M,2M,Bd1_Phage,OD,0.001,0.001
0,BALO,2M,2M,Bd1_Phage,OD,0.001,0.001
0,BALO,2M,2M,Bd1_Phage,OD,0,0
0,BALO,2M,2M,Bd1_Phage,OD,0.002,0.002
0,BALO,2M,2M,Bd1_Phage,OD,0.001,0.001
0,BALO,2M,2M,Bd1_Phage,OD,0.002,0.002
0,BALO,2M,2M,Bd1_Phage,OD,0.137,0.137
0,BALO,2M,2M,Bd1_Phage,OD,0.139,0.139
0,BALO,2M,2M,Bd1_Phage,OD,0.14,0.14
0,BALO,2M,2M,Bd1_Phage,OD,0.014,0.014
0,A.sobria,2M,2M,Bd1_A.sobria,OD,0.14,0.14
0,A.sobria,2M,2M,Bd1_A.sobria,OD,0.14,0.14
0,A.sobria,2M,2M,Bd1_A.sobria,OD,0.14,0.14
0,A.sobria,2M,2M,Bd1_A.sobria,OD,0.014,0.014
0,A.sobria,2M,2M,Bd1_A.sobria,OD,0.14,0.14
0,A.sobria,2M,2M,Bd1_A.sobria,OD,0.139,0.139
0,A.sobria,2M,2M,Bd1_A.sobria,OD,0.137,0.137
0,A.sobria,2M,2M,Bd1_A.sobria,OD,0.139,0.139
0,A.sobria,2M,2M,Bd1_A.sobria,OD,0.14,0.14
0,A.sobria,2M,2M,Phage_A.sobria,OD,0.138,0.138
0,A.sobria,2M,2M,Phage_A.sobria,OD,0.143,0.143
0,A.sobria,2M,2M,Phage_A.sobria,OD,0.144,0.144
0,A.sobria,2M,2M,Phage_A.sobria,OD,0.14,0.14
0,A.sobria,2M,2M,Phage_A.sobria,OD,0.14,0.14
0,A.sobria,2M,2M,Phage_A.sobria,OD,0.139,0.139
0,A.sobria,2M,2M,Phage_A.sobria,OD,0.139,0.139
0,A.sobria,2M,2M,Phage_A.sobria,OD,0.141,0.141
0,A.sobria,2M,2M,Phage_A.sobria,OD,0.142,0.142
0,A.sobria,3M,3M,A_Bd1_Phage,OD,0.145,0.145
0,A.sobria,3M,3M,A_Bd1_Phage,OD,0.144,0.144
0,A.sobria,3M,3M,A_Bd1_Phage,OD,0.144,0.144
0,A.sobria,3M,3M,A_Bd1_Phage,OD,0.144,0.144
0,A.sobria,3M,3M,A_Bd1_Phage,OD,0.145,0.145
0,A.sobria,3M,3M,A_Bd1_Phage,OD,0.146,0.146
0,A.sobria,3M,3M,A_Bd1_Phage,OD,0.144,0.144
0,A.sobria,3M,3M,A_Bd1_Phage,OD,0.145,0.145
0,A.sobria,3M,3M,A_Bd1_Phage,OD,0.144,0.144
0.5,BALO,1M,1M_BALO,BALO,OD,0.006,0.006
0.5,BALO,1M,1M_BALO,BALO,OD,0.006,0.006
0.5,BALO,1M,1M_BALO,BALO,OD,0.005,0.005
0.5,BALO,1M,1M_BALO,BALO,OD,0.006,0.006
0.5,BALO,1M,1M_BALO,BALO,OD,0.005,0.005
0.5,BALO,1M,1M_BALO,BALO,OD,0.004,0.004
0.5,BALO,1M,1M_BALO,BALO,OD,0.005,0.005
0.5,BALO,1M,1M_BALO,BALO,OD,0.005,0.005
0.5,BALO,1M,1M_BALO,BALO,OD,0.006,0.006
0.5,Phage,1M,1M_Phage,Phage,OD,0.001,0.001
0.5,Phage,1M,1M_Phage,Phage,OD,0.001,0.001
0.5,Phage,1M,1M_Phage,Phage,OD,0.001,0.001
0.5,Phage,1M,1M_Phage,Phage,OD,0.001,0.001
0.5,Phage,1M,1M_Phage,Phage,OD,0,0
0.5,Phage,1M,1M_Phage,Phage,OD,0,0
0.5,Phage,1M,1M_Phage,Phage,OD,0.001,0.001
0.5,Phage,1M,1M_Phage,Phage,OD,0.001,0.001
0.5,Phage,1M,1M_Phage,Phage,OD,0,0
0.5,A.sobria,1M,1M_A,A.sobria,OD,0.137,0.137
0.5,A.sobria,1M,1M_A,A.sobria,OD,0.136,0.136
0.5,A.sobria,1M,1M_A,A.sobria,OD,0.137,0.137
0.5,A.sobria,1M,1M_A,A.sobria,OD,0.136,0.136
0.5,A.sobria,1M,1M_A,A.sobria,OD,0.136,0.136
0.5,A.sobria,1M,1M_A,A.sobria,OD,0.135,0.135
0.5,A.sobria,1M,1M_A,A.sobria,OD,0.14,0.14
0.5,A.sobria,1M,1M_A,A.sobria,OD,0.142,0.142
0.5,A.sobria,1M,1M_A,A.sobria,OD,0.142,0.142
0.5,BALO,2M,2M,Bd1_Phage,OD,0.003,0.003
0.5,BALO,2M,2M,Bd1_Phage,OD,0,0
0.5,BALO,2M,2M,Bd1_Phage,OD,0,0
0.5,BALO,2M,2M,Bd1_Phage,OD,0.001,0.001
0.5,BALO,2M,2M,Bd1_Phage,OD,0.002,0.002
0.5,BALO,2M,2M,Bd1_Phage,OD,0.001,0.001
0.5,BALO,2M,2M,Bd1_Phage,OD,0.001,0.001
0.5,BALO,2M,2M,Bd1_Phage,OD,0,0
0.5,BALO,2M,2M,Bd1_Phage,OD,0,0
0.5,BALO,2M,2M,Bd1_Phage,OD,0,0
0.5,A.sobria,2M,2M,Bd1_A.sobria,OD,0.139,0.139
0.5,A.sobria,2M,2M,Bd1_A.sobria,OD,0.139,0.139
0.5,A.sobria,2M,2M,Bd1_A.sobria,OD,0.139,0.139
0.5,A.sobria,2M,2M,Bd1_A.sobria,OD,0.138,0.138
0.5,A.sobria,2M,2M,Bd1_A.sobria,OD,0.139,0.139
0.5,A.sobria,2M,2M,Bd1_A.sobria,OD,0.138,0.138
0.5,A.sobria,2M,2M,Bd1_A.sobria,OD,0.137,0.137
0.5,A.sobria,2M,2M,Bd1_A.sobria,OD,0.138,0.138
0.5,A.sobria,2M,2M,Bd1_A.sobria,OD,0.137,0.137
0.5,A.sobria,2M,2M,Phage_A.sobria,OD,0.124,0.124
0.5,A.sobria,2M,2M,Phage_A.sobria,OD,0.125,0.125
0.5,A.sobria,2M,2M,Phage_A.sobria,OD,0.125,0.125
0.5,A.sobria,2M,2M,Phage_A.sobria,OD,0.122,0.122
0.5,A.sobria,2M,2M,Phage_A.sobria,OD,0.124,0.124
0.5,A.sobria,2M,2M,Phage_A.sobria,OD,0.123,0.123
0.5,A.sobria,2M,2M,Phage_A.sobria,OD,0.12,0.12
0.5,A.sobria,2M,2M,Phage_A.sobria,OD,0.123,0.123
0.5,A.sobria,2M,2M,Phage_A.sobria,OD,0.122,0.122
0.5,A.sobria,3M,3M,A_Bd1_Phage,OD,0.127,0.127
0.5,A.sobria,3M,3M,A_Bd1_Phage,OD,0.127,0.127
0.5,A.sobria,3M,3M,A_Bd1_Phage,OD,0.127,0.127
0.5,A.sobria,3M,3M,A_Bd1_Phage,OD,0.128,0.128
0.5,A.sobria,3M,3M,A_Bd1_Phage,OD,0.125,0.125
0.5,A.sobria,3M,3M,A_Bd1_Phage,OD,0.126,0.126
0.5,A.sobria,3M,3M,A_Bd1_Phage,OD,0.126,0.126
0.5,A.sobria,3M,3M,A_Bd1_Phage,OD,0.127,0.127
0.5,A.sobria,3M,3M,A_Bd1_Phage,OD,0.127,0.127
1,BALO,1M,1M_BALO,BALO,OD,0.001,0.001
1,BALO,1M,1M_BALO,BALO,OD,0.001,0.001
1,BALO,1M,1M_BALO,BALO,OD,0.001,0.001
1,BALO,1M,1M_BALO,BALO,OD,0,0
1,BALO,1M,1M_BALO,BALO,OD,0,0
1,BALO,1M,1M_BALO,BALO,OD,0,0
1,BALO,1M,1M_BALO,BALO,OD,0.001,0.001
1,BALO,1M,1M_BALO,BALO,OD,0,0
1,BALO,1M,1M_BALO,BALO,OD,0.001,0.001
1,Phage,1M,1M_Phage,Phage,OD,0.001,0.001
1,Phage,1M,1M_Phage,Phage,OD,0,0
1,Phage,1M,1M_Phage,Phage,OD,0,0
1,Phage,1M,1M_Phage,Phage,OD,0.001,0.001
1,Phage,1M,1M_Phage,Phage,OD,0,0
1,Phage,1M,1M_Phage,Phage,OD,0.001,0.001
1,Phage,1M,1M_Phage,Phage,OD,0,0
1,Phage,1M,1M_Phage,Phage,OD,0,0
1,Phage,1M,1M_Phage,Phage,OD,0,0
1,A.sobria,1M,1M_A,A.sobria,OD,0.144,0.144
1,A.sobria,1M,1M_A,A.sobria,OD,0.143,0.143
1,A.sobria,1M,1M_A,A.sobria,OD,0.144,0.144
1,A.sobria,1M,1M_A,A.sobria,OD,0.14,0.14
1,A.sobria,1M,1M_A,A.sobria,OD,0.139,0.139
1,A.sobria,1M,1M_A,A.sobria,OD,0.14,0.14
1,A.sobria,1M,1M_A,A.sobria,OD,0.141,0.141
1,A.sobria,1M,1M_A,A.sobria,OD,0.143,0.143
1,A.sobria,1M,1M_A,A.sobria,OD,0.143,0.143
1,BALO,2M,2M,Bd1_Phage,OD,0.001,0.001
1,BALO,2M,2M,Bd1_Phage,OD,0.001,0.001
1,BALO,2M,2M,Bd1_Phage,OD,0.001,0.001
1,BALO,2M,2M,Bd1_Phage,OD,0.001,0.001
1,BALO,2M,2M,Bd1_Phage,OD,0.001,0.001
1,BALO,2M,2M,Bd1_Phage,OD,0.001,0.001
1,BALO,2M,2M,Bd1_Phage,OD,0,0
1,BALO,2M,2M,Bd1_Phage,OD,0,0
1,BALO,2M,2M,Bd1_Phage,OD,0.001,0.001
1,BALO,2M,2M,Bd1_Phage,OD,0,0
1,A.sobria,2M,2M,Bd1_A.sobria,OD,0.135,0.135
1,A.sobria,2M,2M,Bd1_A.sobria,OD,0.134,0.134
1,A.sobria,2M,2M,Bd1_A.sobria,OD,0.134,0.134
1,A.sobria,2M,2M,Bd1_A.sobria,OD,0.131,0.131
1,A.sobria,2M,2M,Bd1_A.sobria,OD,0.132,0.132
1,A.sobria,2M,2M,Bd1_A.sobria,OD,0.133,0.133
1,A.sobria,2M,2M,Bd1_A.sobria,OD,0.132,0.132
1,A.sobria,2M,2M,Bd1_A.sobria,OD,0.131,0.131
1,A.sobria,2M,2M,Bd1_A.sobria,OD,0.133,0.133
1,A.sobria,2M,2M,Phage_A.sobria,OD,0.118,0.118
1,A.sobria,2M,2M,Phage_A.sobria,OD,0.117,0.117
1,A.sobria,2M,2M,Phage_A.sobria,OD,0.12,0.12
1,A.sobria,2M,2M,Phage_A.sobria,OD,0.119,0.119
1,A.sobria,2M,2M,Phage_A.sobria,OD,0.118,0.118
1,A.sobria,2M,2M,Phage_A.sobria,OD,0.118,0.118
1,A.sobria,2M,2M,Phage_A.sobria,OD,0.12,0.12
1,A.sobria,2M,2M,Phage_A.sobria,OD,0.118,0.118
1,A.sobria,2M,2M,Phage_A.sobria,OD,0.117,0.117
1,A.sobria,3M,3M,A_Bd1_Phage,OD,0.083,0.083
1,A.sobria,3M,3M,A_Bd1_Phage,OD,0.08,0.08
1,A.sobria,3M,3M,A_Bd1_Phage,OD,0.081,0.081
1,A.sobria,3M,3M,A_Bd1_Phage,OD,0.8,0.8
1,A.sobria,3M,3M,A_Bd1_Phage,OD,0.081,0.081
1,A.sobria,3M,3M,A_Bd1_Phage,OD,0.079,0.079
1,A.sobria,3M,3M,A_Bd1_Phage,OD,0.079,0.079
1,A.sobria,3M,3M,A_Bd1_Phage,OD,0.075,0.075
1,A.sobria,3M,3M,A_Bd1_Phage,OD,0.077,0.077
3,BALO,1M,1M_BALO,BALO,OD,0.002,0.002
3,BALO,1M,1M_BALO,BALO,OD,0.002,0.002
3,BALO,1M,1M_BALO,BALO,OD,0.002,0.002
3,BALO,1M,1M_BALO,BALO,OD,0.002,0.002
3,BALO,1M,1M_BALO,BALO,OD,0.002,0.002
3,BALO,1M,1M_BALO,BALO,OD,0.001,0.001
3,BALO,1M,1M_BALO,BALO,OD,0.001,0.001
3,BALO,1M,1M_BALO,BALO,OD,0.001,0.001
3,BALO,1M,1M_BALO,BALO,OD,0.002,0.002
3,Phage,1M,1M_Phage,Phage,OD,0.001,0.001
3,Phage,1M,1M_Phage,Phage,OD,0.001,0.001
3,Phage,1M,1M_Phage,Phage,OD,0.001,0.001
3,Phage,1M,1M_Phage,Phage,OD,0.001,0.001
3,Phage,1M,1M_Phage,Phage,OD,0.001,0.001
3,Phage,1M,1M_Phage,Phage,OD,0.002,0.002
3,Phage,1M,1M_Phage,Phage,OD,0.001,0.001
3,Phage,1M,1M_Phage,Phage,OD,0.001,0.001
3,Phage,1M,1M_Phage,Phage,OD,0,0
3,A.sobria,1M,1M_A,A.sobria,OD,0.143,0.143
3,A.sobria,1M,1M_A,A.sobria,OD,0.143,0.143
3,A.sobria,1M,1M_A,A.sobria,OD,0.144,0.144
3,A.sobria,1M,1M_A,A.sobria,OD,0.14,0.14
3,A.sobria,1M,1M_A,A.sobria,OD,0.141,0.141
3,A.sobria,1M,1M_A,A.sobria,OD,0.141,0.141
3,A.sobria,1M,1M_A,A.sobria,OD,0.142,0.142
3,A.sobria,1M,1M_A,A.sobria,OD,0.143,0.143
3,A.sobria,1M,1M_A,A.sobria,OD,0.14,0.14
3,BALO,2M,2M,Bd1_Phage,OD,0.001,0.001
3,BALO,2M,2M,Bd1_Phage,OD,0.001,0.001
3,BALO,2M,2M,Bd1_Phage,OD,0.001,0.001
3,BALO,2M,2M,Bd1_Phage,OD,0,0
3,BALO,2M,2M,Bd1_Phage,OD,0,0
3,BALO,2M,2M,Bd1_Phage,OD,0,0
3,BALO,2M,2M,Bd1_Phage,OD,0,0
3,BALO,2M,2M,Bd1_Phage,OD,0.001,0.001
3,BALO,2M,2M,Bd1_Phage,OD,0.001,0.001
3,BALO,2M,2M,Bd1_Phage,OD,0,0
3,A.sobria,2M,2M,Bd1_A.sobria,OD,0.124,0.124
3,A.sobria,2M,2M,Bd1_A.sobria,OD,0.125,0.125
3,A.sobria,2M,2M,Bd1_A.sobria,OD,0.123,0.123
3,A.sobria,2M,2M,Bd1_A.sobria,OD,0.123,0.123
3,A.sobria,2M,2M,Bd1_A.sobria,OD,0.121,0.121
3,A.sobria,2M,2M,Bd1_A.sobria,OD,0.122,0.122
3,A.sobria,2M,2M,Bd1_A.sobria,OD,0.12,0.12
3,A.sobria,2M,2M,Bd1_A.sobria,OD,0.121,0.121
3,A.sobria,2M,2M,Bd1_A.sobria,OD,0.123,0.123
3,A.sobria,2M,2M,Phage_A.sobria,OD,0.094,0.094
3,A.sobria,2M,2M,Phage_A.sobria,OD,0.094,0.094
3,A.sobria,2M,2M,Phage_A.sobria,OD,0.095,0.095
3,A.sobria,2M,2M,Phage_A.sobria,OD,0.096,0.096
3,A.sobria,2M,2M,Phage_A.sobria,OD,0.095,0.095
3,A.sobria,2M,2M,Phage_A.sobria,OD,0.096,0.096
3,A.sobria,2M,2M,Phage_A.sobria,OD,0.093,0.093
3,A.sobria,2M,2M,Phage_A.sobria,OD,0.093,0.093
3,A.sobria,2M,2M,Phage_A.sobria,OD,0.094,0.094
3,A.sobria,3M,3M,A_Bd1_Phage,OD,0.07,0.07
3,A.sobria,3M,3M,A_Bd1_Phage,OD,0.07,0.07
3,A.sobria,3M,3M,A_Bd1_Phage,OD,0.075,0.075
3,A.sobria,3M,3M,A_Bd1_Phage,OD,0.072,0.072
3,A.sobria,3M,3M,A_Bd1_Phage,OD,0.073,0.073
3,A.sobria,3M,3M,A_Bd1_Phage,OD,0.072,0.072
3,A.sobria,3M,3M,A_Bd1_Phage,OD,0.071,0.071
3,A.sobria,3M,3M,A_Bd1_Phage,OD,0.072,0.072
3,A.sobria,3M,3M,A_Bd1_Phage,OD,0.071,0.071
5,BALO,1M,1M_BALO,BALO,OD,0.001,0.001
5,BALO,1M,1M_BALO,BALO,OD,0.001,0.001
5,BALO,1M,1M_BALO,BALO,OD,0.001,0.001
5,BALO,1M,1M_BALO,BALO,OD,0.001,0.001
5,BALO,1M,1M_BALO,BALO,OD,0.001,0.001
5,BALO,1M,1M_BALO,BALO,OD,0.001,0.001
5,BALO,1M,1M_BALO,BALO,OD,0.001,0.001
5,BALO,1M,1M_BALO,BALO,OD,0.001,0.001
5,BALO,1M,1M_BALO,BALO,OD,0.001,0.001
5,Phage,1M,1M_Phage,Phage,OD,0.001,0.001
5,Phage,1M,1M_Phage,Phage,OD,0.001,0.001
5,Phage,1M,1M_Phage,Phage,OD,0.002,0.002
5,Phage,1M,1M_Phage,Phage,OD,0.001,0.001
5,Phage,1M,1M_Phage,Phage,OD,0.001,0.001
5,Phage,1M,1M_Phage,Phage,OD,0.001,0.001
5,Phage,1M,1M_Phage,Phage,OD,0.002,0.002
5,Phage,1M,1M_Phage,Phage,OD,0.002,0.002
5,Phage,1M,1M_Phage,Phage,OD,0.001,0.001
5,A.sobria,1M,1M_A,A.sobria,OD,0.144,0.144
5,A.sobria,1M,1M_A,A.sobria,OD,0.143,0.143
5,A.sobria,1M,1M_A,A.sobria,OD,0.143,0.143
5,A.sobria,1M,1M_A,A.sobria,OD,0.142,0.142
5,A.sobria,1M,1M_A,A.sobria,OD,0.142,0.142
5,A.sobria,1M,1M_A,A.sobria,OD,0.141,0.141
5,A.sobria,1M,1M_A,A.sobria,OD,0.139,0.139
5,A.sobria,1M,1M_A,A.sobria,OD,0.139,0.139
5,A.sobria,1M,1M_A,A.sobria,OD,0.14,0.14
5,BALO,2M,2M,Bd1_Phage,OD,0.001,0.001
5,BALO,2M,2M,Bd1_Phage,OD,0.001,0.001
5,BALO,2M,2M,Bd1_Phage,OD,0.001,0.001
5,BALO,2M,2M,Bd1_Phage,OD,0.001,0.001
5,BALO,2M,2M,Bd1_Phage,OD,0.001,0.001
5,BALO,2M,2M,Bd1_Phage,OD,0.001,0.001
5,BALO,2M,2M,Bd1_Phage,OD,0.001,0.001
5,BALO,2M,2M,Bd1_Phage,OD,0,0
5,BALO,2M,2M,Bd1_Phage,OD,0,0
5,BALO,2M,2M,Bd1_Phage,OD,0,0
5,A.sobria,2M,2M,Bd1_A.sobria,OD,0.095,0.095
5,A.sobria,2M,2M,Bd1_A.sobria,OD,0.112,0.112
5,A.sobria,2M,2M,Bd1_A.sobria,OD,0.11,0.11
5,A.sobria,2M,2M,Bd1_A.sobria,OD,0.092,0.092
5,A.sobria,2M,2M,Bd1_A.sobria,OD,0.091,0.091
5,A.sobria,2M,2M,Bd1_A.sobria,OD,0.092,0.092
5,A.sobria,2M,2M,Bd1_A.sobria,OD,0.089,0.089
5,A.sobria,2M,2M,Bd1_A.sobria,OD,0.093,0.093
5,A.sobria,2M,2M,Bd1_A.sobria,OD,0.092,0.092
5,A.sobria,2M,2M,Phage_A.sobria,OD,0.084,0.084
5,A.sobria,2M,2M,Phage_A.sobria,OD,0.085,0.085
5,A.sobria,2M,2M,Phage_A.sobria,OD,0.084,0.084
5,A.sobria,2M,2M,Phage_A.sobria,OD,0.079,0.079
5,A.sobria,2M,2M,Phage_A.sobria,OD,0.077,0.077
5,A.sobria,2M,2M,Phage_A.sobria,OD,0.08,0.08
5,A.sobria,2M,2M,Phage_A.sobria,OD,0.079,0.079
5,A.sobria,2M,2M,Phage_A.sobria,OD,0.08,0.08
5,A.sobria,2M,2M,Phage_A.sobria,OD,0.081,0.081
5,A.sobria,3M,3M,A_Bd1_Phage,OD,0.073,0.073
5,A.sobria,3M,3M,A_Bd1_Phage,OD,0.067,0.067
5,A.sobria,3M,3M,A_Bd1_Phage,OD,0.068,0.068
5,A.sobria,3M,3M,A_Bd1_Phage,OD,0.07,0.07
5,A.sobria,3M,3M,A_Bd1_Phage,OD,0.071,0.071
5,A.sobria,3M,3M,A_Bd1_Phage,OD,0.072,0.072
5,A.sobria,3M,3M,A_Bd1_Phage,OD,0.069,0.069
5,A.sobria,3M,3M,A_Bd1_Phage,OD,0.07,0.07
5,A.sobria,3M,3M,A_Bd1_Phage,OD,0.069,0.069
0,BALO,1M,1M_BALO,BALO,PFU,35,35
0,BALO,1M,1M_BALO,BALO,PFU,23,23
0,BALO,1M,1M_BALO,BALO,PFU,31,31
0,BALO,1M,1M_BALO,BALO,PFU,27,27
0,BALO,1M,1M_BALO,BALO,PFU,15,15
0,BALO,1M,1M_BALO,BALO,PFU,22,22
0,BALO,1M,1M_BALO,BALO,PFU,29,29
0,BALO,1M,1M_BALO,BALO,PFU,27,27
0,BALO,1M,1M_BALO,BALO,PFU,23,23
0,Phage,1M,1M_Phage,Phage,PFU,322,322
0,Phage,1M,1M_Phage,Phage,PFU,328,328
0,Phage,1M,1M_Phage,Phage,PFU,311,311
0,Phage,1M,1M_Phage,Phage,PFU,278,278
0,Phage,1M,1M_Phage,Phage,PFU,452,452
0,Phage,1M,1M_Phage,Phage,PFU,378,378
0,Phage,1M,1M_Phage,Phage,PFU,289,289
0,Phage,1M,1M_Phage,Phage,PFU,267,267
0,Phage,1M,1M_Phage,Phage,PFU,232,232
0,BALO,2M,2M,Bd1_Phage,PFU,32,32
0,BALO,2M,2M,Bd1_Phage,PFU,34,34
0,BALO,2M,2M,Bd1_Phage,PFU,27,27
0,BALO,2M,2M,Bd1_Phage,PFU,28,28
0,BALO,2M,2M,Bd1_Phage,PFU,19,19
0,BALO,2M,2M,Bd1_Phage,PFU,18,18
0,BALO,2M,2M,Bd1_Phage,PFU,35,35
0,BALO,2M,2M,Bd1_Phage,PFU,25,25
0,BALO,2M,2M,Bd1_Phage,PFU,24,24
0,BALO,2M,2M,Bd1_Phage,PFU,327,327
0,BALO,2M,2M,Bd1_Phage,PFU,347,347
0,BALO,2M,2M,Bd1_Phage,PFU,378,378
0,BALO,2M,2M,Bd1_Phage,PFU,312,312
0,BALO,2M,2M,Bd1_Phage,PFU,324,324
0,BALO,2M,2M,Bd1_Phage,PFU,326,326
0,BALO,2M,2M,Bd1_Phage,PFU,325,325
0,BALO,2M,2M,Bd1_Phage,PFU,189,189
0,BALO,2M,2M,Bd1_Phage,PFU,235,235
0,BALO,2M,2M,Bd1_Phage,PFU,38,38
0,E.coli,2M,2M,Bd1_E.coli,PFU,32,32
0,E.coli,2M,2M,Bd1_E.coli,PFU,18,18
0,E.coli,2M,2M,Bd1_E.coli,PFU,22,22
0,E.coli,2M,2M,Bd1_E.coli,PFU,20,20
0,E.coli,2M,2M,Bd1_E.coli,PFU,18,18
0,E.coli,2M,2M,Bd1_E.coli,PFU,22,22
0,E.coli,2M,2M,Bd1_E.coli,PFU,18,18
0,E.coli,2M,2M,Bd1_E.coli,PFU,19,19
0,E.coli,2M,2M,Bd1_E.coli,PFU,329,329
0,E.coli,2M,2M,Phage_E.coli,PFU,311,311
0,E.coli,2M,2M,Phage_E.coli,PFU,240,240
0,E.coli,2M,2M,Phage_E.coli,PFU,389,389
0,E.coli,2M,2M,Phage_E.coli,PFU,374,374
0,E.coli,2M,2M,Phage_E.coli,PFU,245,245
0,E.coli,2M,2M,Phage_E.coli,PFU,278,278
0,E.coli,2M,2M,Phage_E.coli,PFU,321,321
0,E.coli,2M,2M,Phage_E.coli,PFU,289,289
0,E.coli,2M,2M,Phage_E.coli,PFU,128,128
0,E.coli,3M,3M,E_Bd1_Bd2,PFU,4,4
0,E.coli,3M,3M,E_Bd1_Bd2,PFU,3,3
0,E.coli,3M,3M,E_Bd1_Bd2,PFU,31,31
0,E.coli,3M,3M,E_Bd1_Bd2,PFU,34,34
0,E.coli,3M,3M,E_Bd1_Bd2,PFU,23,23
0,E.coli,3M,3M,E_Bd1_Bd2,PFU,7,7
0,E.coli,3M,3M,E_Bd1_Bd2,PFU,25,25
0,E.coli,3M,3M,E_Bd1_Bd2,PFU,18,18
0,E.coli,3M,3M,E_Bd1_Bd2,PFU,36,36
0,E.coli,3M,3M,E_Bd1_Phage,PFU,345,345
0,E.coli,3M,3M,E_Bd1_Phage,PFU,45,45
0,E.coli,3M,3M,E_Bd1_Phage,PFU,28,28
0,E.coli,3M,3M,E_Bd1_Phage,PFU,50,50
0,E.coli,3M,3M,E_Bd1_Phage,PFU,46,46
0,E.coli,3M,3M,E_Bd1_Phage,PFU,23,23
0,E.coli,3M,3M,E_Bd1_Phage,PFU,263,263
0,E.coli,3M,3M,E_Bd1_Phage,PFU,257,257
0,E.coli,3M,3M,E_Bd1_Phage,PFU,293,293
0.5,BALO,1M,1M_BALO,BALO,PFU,22,22
0.5,BALO,1M,1M_BALO,BALO,PFU,22,22
0.5,BALO,1M,1M_BALO,BALO,PFU,23,23
0.5,BALO,1M,1M_BALO,BALO,PFU,23,23
0.5,BALO,1M,1M_BALO,BALO,PFU,23,23
0.5,BALO,1M,1M_BALO,BALO,PFU,33,33
0.5,BALO,1M,1M_BALO,BALO,PFU,4,4
0.5,BALO,1M,1M_BALO,BALO,PFU,17,17
0.5,BALO,1M,1M_BALO,BALO,PFU,25,25
0.5,Phage,1M,1M_Phage,Phage,PFU,177,177
0.5,Phage,1M,1M_Phage,Phage,PFU,201,201
0.5,Phage,1M,1M_Phage,Phage,PFU,285,285
0.5,Phage,1M,1M_Phage,Phage,PFU,234,234
0.5,Phage,1M,1M_Phage,Phage,PFU,214,214
0.5,Phage,1M,1M_Phage,Phage,PFU,190,190
0.5,Phage,1M,1M_Phage,Phage,PFU,218,218
0.5,Phage,1M,1M_Phage,Phage,PFU,187,187
0.5,Phage,1M,1M_Phage,Phage,PFU,179,179
0.5,BALO,2M,2M,Bd1_Phage,PFU,12,12
0.5,BALO,2M,2M,Bd1_Phage,PFU,21,21
0.5,BALO,2M,2M,Bd1_Phage,PFU,19,19
0.5,BALO,2M,2M,Bd1_Phage,PFU,11,11
0.5,BALO,2M,2M,Bd1_Phage,PFU,12,12
0.5,BALO,2M,2M,Bd1_Phage,PFU,12,12
0.5,BALO,2M,2M,Bd1_Phage,PFU,18,18
0.5,BALO,2M,2M,Bd1_Phage,PFU,24,24
0.5,BALO,2M,2M,Bd1_Phage,PFU,22,22
0.5,BALO,2M,2M,Bd1_Phage,PFU,42,42
0.5,BALO,2M,2M,Bd1_Phage,PFU,345,345
0.5,BALO,2M,2M,Bd1_Phage,PFU,280,280
0.5,BALO,2M,2M,Bd1_Phage,PFU,297,297
0.5,BALO,2M,2M,Bd1_Phage,PFU,276,276
0.5,BALO,2M,2M,Bd1_Phage,PFU,289,289
0.5,BALO,2M,2M,Bd1_Phage,PFU,278,278
0.5,BALO,2M,2M,Bd1_Phage,PFU,374,374
0.5,BALO,2M,2M,Bd1_Phage,PFU,285,285
0.5,BALO,2M,2M,Bd1_Phage,PFU,0,0
0.5,E.coli,2M,2M,Bd1_E.coli,PFU,297,297
0.5,E.coli,2M,2M,Bd1_E.coli,PFU,276,276
0.5,E.coli,2M,2M,Bd1_E.coli,PFU,289,289
0.5,E.coli,2M,2M,Bd1_E.coli,PFU,6,6
0.5,E.coli,2M,2M,Bd1_E.coli,PFU,31,31
0.5,E.coli,2M,2M,Bd1_E.coli,PFU,24,24
0.5,E.coli,2M,2M,Bd1_E.coli,PFU,27,27
0.5,E.coli,2M,2M,Bd1_E.coli,PFU,26,26
0.5,E.coli,2M,2M,Bd1_E.coli,PFU,24,24
0.5,E.coli,2M,2M,Phage_E.coli,PFU,21,21
0.5,E.coli,2M,2M,Phage_E.coli,PFU,24,24
0.5,E.coli,2M,2M,Phage_E.coli,PFU,26,26
0.5,E.coli,2M,2M,Phage_E.coli,PFU,66,66
0.5,E.coli,2M,2M,Phage_E.coli,PFU,206,206
0.5,E.coli,2M,2M,Phage_E.coli,PFU,35,35
0.5,E.coli,2M,2M,Phage_E.coli,PFU,323,323
0.5,E.coli,2M,2M,Phage_E.coli,PFU,34,34
0.5,E.coli,2M,2M,Phage_E.coli,PFU,234,234
0.5,E.coli,3M,3M,E_Bd1_Bd2,PFU,266,266
0.5,E.coli,3M,3M,E_Bd1_Bd2,PFU,245,245
0.5,E.coli,3M,3M,E_Bd1_Bd2,PFU,255,255
0.5,E.coli,3M,3M,E_Bd1_Bd2,PFU,17,17
0.5,E.coli,3M,3M,E_Bd1_Bd2,PFU,32,32
0.5,E.coli,3M,3M,E_Bd1_Bd2,PFU,25,25
0.5,E.coli,3M,3M,E_Bd1_Bd2,PFU,18,18
0.5,E.coli,3M,3M,E_Bd1_Bd2,PFU,36,36
0.5,E.coli,3M,3M,E_Bd1_Bd2,PFU,18,18
0.5,E.coli,3M,3M,E_Bd1_Phage,PFU,266,266
0.5,E.coli,3M,3M,E_Bd1_Phage,PFU,264,264
0.5,E.coli,3M,3M,E_Bd1_Phage,PFU,456,456
0.5,E.coli,3M,3M,E_Bd1_Phage,PFU,98,98
0.5,E.coli,3M,3M,E_Bd1_Phage,PFU,289,289
0.5,E.coli,3M,3M,E_Bd1_Phage,PFU,45,45
0.5,E.coli,3M,3M,E_Bd1_Phage,PFU,89,89
0.5,E.coli,3M,3M,E_Bd1_Phage,PFU,296,296
0.5,E.coli,3M,3M,E_Bd1_Phage,PFU,57,57
1,BALO,1M,1M_BALO,BALO,PFU,32,32
1,BALO,1M,1M_BALO,BALO,PFU,31,31
1,BALO,1M,1M_BALO,BALO,PFU,36,36
1,BALO,1M,1M_BALO,BALO,PFU,24,24
1,BALO,1M,1M_BALO,BALO,PFU,28,28
1,BALO,1M,1M_BALO,BALO,PFU,23,23
1,BALO,1M,1M_BALO,BALO,PFU,15,15
1,BALO,1M,1M_BALO,BALO,PFU,27,27
1,BALO,1M,1M_BALO,BALO,PFU,43,43
1,Phage,1M,1M_Phage,Phage,PFU,288,288
1,Phage,1M,1M_Phage,Phage,PFU,345,345
1,Phage,1M,1M_Phage,Phage,PFU,12,12
1,Phage,1M,1M_Phage,Phage,PFU,234,234
1,Phage,1M,1M_Phage,Phage,PFU,214,214
1,Phage,1M,1M_Phage,Phage,PFU,180,180
1,Phage,1M,1M_Phage,Phage,PFU,218,218
1,Phage,1M,1M_Phage,Phage,PFU,187,187
1,Phage,1M,1M_Phage,Phage,PFU,179,179
1,BALO,2M,2M,Bd1_Phage,PFU,31,31
1,BALO,2M,2M,Bd1_Phage,PFU,10,10
1,BALO,2M,2M,Bd1_Phage,PFU,25,25
1,BALO,2M,2M,Bd1_Phage,PFU,20,20
1,BALO,2M,2M,Bd1_Phage,PFU,12,12
1,BALO,2M,2M,Bd1_Phage,PFU,11,11
1,BALO,2M,2M,Bd1_Phage,PFU,22,22
1,BALO,2M,2M,Bd1_Phage,PFU,24,24
1,BALO,2M,2M,Bd1_Phage,PFU,18,18
1,BALO,2M,2M,Bd1_Phage,PFU,266,266
1,BALO,2M,2M,Bd1_Phage,PFU,234,234
1,BALO,2M,2M,Bd1_Phage,PFU,290,290
1,BALO,2M,2M,Bd1_Phage,PFU,264,264
1,BALO,2M,2M,Bd1_Phage,PFU,374,374
1,BALO,2M,2M,Bd1_Phage,PFU,278,278
1,BALO,2M,2M,Bd1_Phage,PFU,297,297
1,BALO,2M,2M,Bd1_Phage,PFU,276,276
1,BALO,2M,2M,Bd1_Phage,PFU,289,289
1,BALO,2M,2M,Bd1_Phage,PFU,0,0
1,E.coli,2M,2M,Bd1_E.coli,PFU,3,3
1,E.coli,2M,2M,Bd1_E.coli,PFU,31,31
1,E.coli,2M,2M,Bd1_E.coli,PFU,24,24
1,E.coli,2M,2M,Bd1_E.coli,PFU,27,27
1,E.coli,2M,2M,Bd1_E.coli,PFU,26,26
1,E.coli,2M,2M,Bd1_E.coli,PFU,24,24
1,E.coli,2M,2M,Bd1_E.coli,PFU,21,21
1,E.coli,2M,2M,Bd1_E.coli,PFU,24,24
1,E.coli,2M,2M,Bd1_E.coli,PFU,26,26
1,E.coli,2M,2M,Phage_E.coli,PFU,308,308
1,E.coli,2M,2M,Phage_E.coli,PFU,355,355
1,E.coli,2M,2M,Phage_E.coli,PFU,134,134
1,E.coli,2M,2M,Phage_E.coli,PFU,90,90
1,E.coli,2M,2M,Phage_E.coli,PFU,34,34
1,E.coli,2M,2M,Phage_E.coli,PFU,234,234
1,E.coli,2M,2M,Phage_E.coli,PFU,158,158
1,E.coli,2M,2M,Phage_E.coli,PFU,245,245
1,E.coli,2M,2M,Phage_E.coli,PFU,195,195
1,E.coli,3M,3M,E_Bd1_Bd2,PFU,11,11
1,E.coli,3M,3M,E_Bd1_Bd2,PFU,32,32
1,E.coli,3M,3M,E_Bd1_Bd2,PFU,25,25
1,E.coli,3M,3M,E_Bd1_Bd2,PFU,11,11
1,E.coli,3M,3M,E_Bd1_Bd2,PFU,36,36
1,E.coli,3M,3M,E_Bd1_Bd2,PFU,18,18
1,E.coli,3M,3M,E_Bd1_Bd2,PFU,27,27
1,E.coli,3M,3M,E_Bd1_Bd2,PFU,24,24
1,E.coli,3M,3M,E_Bd1_Bd2,PFU,28,28
1,E.coli,3M,3M,E_Bd1_Phage,PFU,44,44
1,E.coli,3M,3M,E_Bd1_Phage,PFU,47,47
1,E.coli,3M,3M,E_Bd1_Phage,PFU,31,31
1,E.coli,3M,3M,E_Bd1_Phage,PFU,278,278
1,E.coli,3M,3M,E_Bd1_Phage,PFU,283,283
1,E.coli,3M,3M,E_Bd1_Phage,PFU,344,344
1,E.coli,3M,3M,E_Bd1_Phage,PFU,456,456
1,E.coli,3M,3M,E_Bd1_Phage,PFU,264,264
1,E.coli,3M,3M,E_Bd1_Phage,PFU,266,266
3,BALO,1M,1M_BALO,BALO,PFU,22,22
3,BALO,1M,1M_BALO,BALO,PFU,27,27
3,BALO,1M,1M_BALO,BALO,PFU,19,19
3,BALO,1M,1M_BALO,BALO,PFU,12,12
3,BALO,1M,1M_BALO,BALO,PFU,22,22
3,BALO,1M,1M_BALO,BALO,PFU,32,32
3,BALO,1M,1M_BALO,BALO,PFU,22,22
3,BALO,1M,1M_BALO,BALO,PFU,23,23
3,BALO,1M,1M_BALO,BALO,PFU,19,19
3,Phage,1M,1M_Phage,Phage,PFU,200,200
3,Phage,1M,1M_Phage,Phage,PFU,344,344
3,Phage,1M,1M_Phage,Phage,PFU,180,180
3,Phage,1M,1M_Phage,Phage,PFU,246,246
3,Phage,1M,1M_Phage,Phage,PFU,124,124
3,Phage,1M,1M_Phage,Phage,PFU,220,220
3,Phage,1M,1M_Phage,Phage,PFU,179,179
3,Phage,1M,1M_Phage,Phage,PFU,187,187
3,Phage,1M,1M_Phage,Phage,PFU,226,226
3,BALO,2M,2M,Bd1_Phage,PFU,20,20
3,BALO,2M,2M,Bd1_Phage,PFU,26,26
3,BALO,2M,2M,Bd1_Phage,PFU,18,18
3,BALO,2M,2M,Bd1_Phage,PFU,27,27
3,BALO,2M,2M,Bd1_Phage,PFU,28,28
3,BALO,2M,2M,Bd1_Phage,PFU,16,16
3,BALO,2M,2M,Bd1_Phage,PFU,19,19
3,BALO,2M,2M,Bd1_Phage,PFU,17,17
3,BALO,2M,2M,Bd1_Phage,PFU,27,27
3,BALO,2M,2M,Bd1_Phage,PFU,176,176
3,BALO,2M,2M,Bd1_Phage,PFU,279,279
3,BALO,2M,2M,Bd1_Phage,PFU,323,323
3,BALO,2M,2M,Bd1_Phage,PFU,200,200
3,BALO,2M,2M,Bd1_Phage,PFU,234,234
3,BALO,2M,2M,Bd1_Phage,PFU,311,311
3,BALO,2M,2M,Bd1_Phage,PFU,179,179
3,BALO,2M,2M,Bd1_Phage,PFU,185,185
3,BALO,2M,2M,Bd1_Phage,PFU,223,223
3,BALO,2M,2M,Bd1_Phage,PFU,0,0
3,E.coli,2M,2M,Bd1_E.coli,PFU,31,31
3,E.coli,2M,2M,Bd1_E.coli,PFU,36,36
3,E.coli,2M,2M,Bd1_E.coli,PFU,27,27
3,E.coli,2M,2M,Bd1_E.coli,PFU,2,2
3,E.coli,2M,2M,Bd1_E.coli,PFU,27,27
3,E.coli,2M,2M,Bd1_E.coli,PFU,3,3
3,E.coli,2M,2M,Bd1_E.coli,PFU,27,27
3,E.coli,2M,2M,Bd1_E.coli,PFU,3,3
3,E.coli,2M,2M,Bd1_E.coli,PFU,29,29
3,E.coli,2M,2M,Phage_E.coli,PFU,92,92
3,E.coli,2M,2M,Phage_E.coli,PFU,238,238
3,E.coli,2M,2M,Phage_E.coli,PFU,14,14
3,E.coli,2M,2M,Phage_E.coli,PFU,177,177
3,E.coli,2M,2M,Phage_E.coli,PFU,274,274
3,E.coli,2M,2M,Phage_E.coli,PFU,243,243
3,E.coli,2M,2M,Phage_E.coli,PFU,230,230
3,E.coli,2M,2M,Phage_E.coli,PFU,44,44
3,E.coli,2M,2M,Phage_E.coli,PFU,174,174
3,E.coli,3M,3M,E_Bd1_Bd2,PFU,14,14
3,E.coli,3M,3M,E_Bd1_Bd2,PFU,26,26
3,E.coli,3M,3M,E_Bd1_Bd2,PFU,28,28
3,E.coli,3M,3M,E_Bd1_Bd2,PFU,23,23
3,E.coli,3M,3M,E_Bd1_Bd2,PFU,29,29
3,E.coli,3M,3M,E_Bd1_Bd2,PFU,33,33
3,E.coli,3M,3M,E_Bd1_Bd2,PFU,6,6
3,E.coli,3M,3M,E_Bd1_Bd2,PFU,25,25
3,E.coli,3M,3M,E_Bd1_Bd2,PFU,28,28
3,E.coli,3M,3M,E_Bd1_Phage,PFU,45,45
3,E.coli,3M,3M,E_Bd1_Phage,PFU,51,51
3,E.coli,3M,3M,E_Bd1_Phage,PFU,31,31
3,E.coli,3M,3M,E_Bd1_Phage,PFU,322,322
3,E.coli,3M,3M,E_Bd1_Phage,PFU,23,23
3,E.coli,3M,3M,E_Bd1_Phage,PFU,17,17
3,E.coli,3M,3M,E_Bd1_Phage,PFU,278,278
3,E.coli,3M,3M,E_Bd1_Phage,PFU,456,456
3,E.coli,3M,3M,E_Bd1_Phage,PFU,266,266
5,BALO,1M,1M_BALO,BALO,PFU,32,32
5,BALO,1M,1M_BALO,BALO,PFU,35,35
5,BALO,1M,1M_BALO,BALO,PFU,22,22
5,BALO,1M,1M_BALO,BALO,PFU,19,19
5,BALO,1M,1M_BALO,BALO,PFU,14,14
5,BALO,1M,1M_BALO,BALO,PFU,23,23
5,BALO,1M,1M_BALO,BALO,PFU,25,25
5,BALO,1M,1M_BALO,BALO,PFU,17,17
5,BALO,1M,1M_BALO,BALO,PFU,43,43
5,Phage,1M,1M_Phage,Phage,PFU,310,310
5,Phage,1M,1M_Phage,Phage,PFU,322,322
5,Phage,1M,1M_Phage,Phage,PFU,286,286
5,Phage,1M,1M_Phage,Phage,PFU,234,234
5,Phage,1M,1M_Phage,Phage,PFU,214,214
5,Phage,1M,1M_Phage,Phage,PFU,282,282
5,Phage,1M,1M_Phage,Phage,PFU,218,218
5,Phage,1M,1M_Phage,Phage,PFU,187,187
5,Phage,1M,1M_Phage,Phage,PFU,179,179
5,BALO,2M,2M,Bd1_Phage,PFU,32,32
5,BALO,2M,2M,Bd1_Phage,PFU,35,35
5,BALO,2M,2M,Bd1_Phage,PFU,22,22
5,BALO,2M,2M,Bd1_Phage,PFU,32,32
5,BALO,2M,2M,Bd1_Phage,PFU,35,35
5,BALO,2M,2M,Bd1_Phage,PFU,22,22
5,BALO,2M,2M,Bd1_Phage,PFU,22,22
5,BALO,2M,2M,Bd1_Phage,PFU,19,19
5,BALO,2M,2M,Bd1_Phage,PFU,18,18
5,BALO,2M,2M,Bd1_Phage,PFU,165,165
5,BALO,2M,2M,Bd1_Phage,PFU,344,344
5,BALO,2M,2M,Bd1_Phage,PFU,201,201
5,BALO,2M,2M,Bd1_Phage,PFU,278,278
5,BALO,2M,2M,Bd1_Phage,PFU,374,374
5,BALO,2M,2M,Bd1_Phage,PFU,254,254
5,BALO,2M,2M,Bd1_Phage,PFU,297,297
5,BALO,2M,2M,Bd1_Phage,PFU,276,276
5,BALO,2M,2M,Bd1_Phage,PFU,289,289
5,BALO,2M,2M,Bd1_Phage,PFU,0,0
5,E.coli,2M,2M,Bd1_E.coli,PFU,28,28
5,E.coli,2M,2M,Bd1_E.coli,PFU,14,14
5,E.coli,2M,2M,Bd1_E.coli,PFU,32,32
5,E.coli,2M,2M,Bd1_E.coli,PFU,31,31
5,E.coli,2M,2M,Bd1_E.coli,PFU,26,26
5,E.coli,2M,2M,Bd1_E.coli,PFU,24,24
5,E.coli,2M,2M,Bd1_E.coli,PFU,21,21
5,E.coli,2M,2M,Bd1_E.coli,PFU,24,24
5,E.coli,2M,2M,Bd1_E.coli,PFU,36,36
5,E.coli,2M,2M,Phage_E.coli,PFU,166,166
5,E.coli,2M,2M,Phage_E.coli,PFU,324,324
5,E.coli,2M,2M,Phage_E.coli,PFU,42,42
5,E.coli,2M,2M,Phage_E.coli,PFU,234,234
5,E.coli,2M,2M,Phage_E.coli,PFU,34,34
5,E.coli,2M,2M,Phage_E.coli,PFU,43,43
5,E.coli,2M,2M,Phage_E.coli,PFU,158,158
5,E.coli,2M,2M,Phage_E.coli,PFU,245,245
5,E.coli,2M,2M,Phage_E.coli,PFU,195,195
5,E.coli,3M,3M,E_Bd1_Bd2,PFU,31,31
5,E.coli,3M,3M,E_Bd1_Bd2,PFU,33,33
5,E.coli,3M,3M,E_Bd1_Bd2,PFU,28,28
5,E.coli,3M,3M,E_Bd1_Bd2,PFU,29,29
5,E.coli,3M,3M,E_Bd1_Bd2,PFU,36,36
5,E.coli,3M,3M,E_Bd1_Bd2,PFU,18,18
5,E.coli,3M,3M,E_Bd1_Bd2,PFU,21,21
5,E.coli,3M,3M,E_Bd1_Bd2,PFU,18,18
5,E.coli,3M,3M,E_Bd1_Bd2,PFU,19,19
5,E.coli,3M,3M,E_Bd1_Phage,PFU,327,327
5,E.coli,3M,3M,E_Bd1_Phage,PFU,33,33
5,E.coli,3M,3M,E_Bd1_Phage,PFU,118,118
5,E.coli,3M,3M,E_Bd1_Phage,PFU,278,278
5,E.coli,3M,3M,E_Bd1_Phage,PFU,283,283
5,E.coli,3M,3M,E_Bd1_Phage,PFU,24,24
5,E.coli,3M,3M,E_Bd1_Phage,PFU,456,456
5,E.coli,3M,3M,E_Bd1_Phage,PFU,266,266
5,E.coli,3M,3M,E_Bd1_Phage,PFU,268,268
0,E.coli,1M,1M_E,E.coli,CFU,150,150
0,E.coli,1M,1M_E,E.coli,CFU,115,115
0,E.coli,1M,1M_E,E.coli,CFU,220,220
0,E.coli,1M,1M_E,E.coli,CFU,100,100
0,E.coli,1M,1M_E,E.coli,CFU,178,178
0,E.coli,1M,1M_E,E.coli,CFU,189,189
0,E.coli,1M,1M_E,E.coli,CFU,245,245
0,E.coli,1M,1M_E,E.coli,CFU,173,173
0,E.coli,1M,1M_E,E.coli,CFU,167,167
0,E.coli,2M,2M,Bd1_E.coli,CFU,186,186
0,E.coli,2M,2M,Bd1_E.coli,CFU,180,180
0,E.coli,2M,2M,Bd1_E.coli,CFU,291,291
0,E.coli,2M,2M,Bd1_E.coli,CFU,149,149
0,E.coli,2M,2M,Bd1_E.coli,CFU,157,157
0,E.coli,2M,2M,Bd1_E.coli,CFU,89,89
0,E.coli,2M,2M,Bd1_E.coli,CFU,190,190
0,E.coli,2M,2M,Bd1_E.coli,CFU,236,236
0,E.coli,2M,2M,Bd1_E.coli,CFU,170,170
0,E.coli,2M,2M,Phage_E.coli,CFU,160,160
0,E.coli,2M,2M,Phage_E.coli,CFU,165,165
0,E.coli,2M,2M,Phage_E.coli,CFU,280,280
0,E.coli,2M,2M,Phage_E.coli,CFU,180,180
0,E.coli,2M,2M,Phage_E.coli,CFU,194,194
0,E.coli,2M,2M,Phage_E.coli,CFU,169,169
0,E.coli,2M,2M,Phage_E.coli,CFU,180,180
0,E.coli,2M,2M,Phage_E.coli,CFU,215,215
0,E.coli,2M,2M,Phage_E.coli,CFU,185,185
0,E.coli,3M,3M,E_Bd1_Phage,CFU,195,195
0,E.coli,3M,3M,E_Bd1_Phage,CFU,217,217
0,E.coli,3M,3M,E_Bd1_Phage,CFU,270,270
0,E.coli,3M,3M,E_Bd1_Phage,CFU,169,169
0,E.coli,3M,3M,E_Bd1_Phage,CFU,207,207
0,E.coli,3M,3M,E_Bd1_Phage,CFU,213,213
0,E.coli,3M,3M,E_Bd1_Phage,CFU,190,190
0,E.coli,3M,3M,E_Bd1_Phage,CFU,189,189
0,E.coli,3M,3M,E_Bd1_Phage,CFU,180,180
1,E.coli,1M,1M_E,E.coli,CFU,235,235
1,E.coli,1M,1M_E,E.coli,CFU,125,125
1,E.coli,1M,1M_E,E.coli,CFU,178,178
1,E.coli,1M,1M_E,E.coli,CFU,187,187
1,E.coli,1M,1M_E,E.coli,CFU,197,197
1,E.coli,1M,1M_E,E.coli,CFU,178,178
1,E.coli,1M,1M_E,E.coli,CFU,185,185
1,E.coli,1M,1M_E,E.coli,CFU,158,158
1,E.coli,1M,1M_E,E.coli,CFU,190,190
1,E.coli,2M,2M,Bd1_E.coli,CFU,45,45
1,E.coli,2M,2M,Bd1_E.coli,CFU,47,47
1,E.coli,2M,2M,Bd1_E.coli,CFU,61,61
1,E.coli,2M,2M,Bd1_E.coli,CFU,102,102
1,E.coli,2M,2M,Bd1_E.coli,CFU,94,94
1,E.coli,2M,2M,Bd1_E.coli,CFU,100,100
1,E.coli,2M,2M,Bd1_E.coli,CFU,99,99
1,E.coli,2M,2M,Bd1_E.coli,CFU,89,89
1,E.coli,2M,2M,Bd1_E.coli,CFU,116,116
1,E.coli,2M,2M,Phage_E.coli,CFU,56,56
1,E.coli,2M,2M,Phage_E.coli,CFU,64,64
1,E.coli,2M,2M,Phage_E.coli,CFU,230,230
1,E.coli,2M,2M,Phage_E.coli,CFU,47,47
1,E.coli,2M,2M,Phage_E.coli,CFU,79,79
1,E.coli,2M,2M,Phage_E.coli,CFU,73,73
1,E.coli,2M,2M,Phage_E.coli,CFU,56,56
1,E.coli,2M,2M,Phage_E.coli,CFU,49,49
1,E.coli,2M,2M,Phage_E.coli,CFU,58,58
1,E.coli,3M,3M,E_Bd1_Phage,CFU,45,45
1,E.coli,3M,3M,E_Bd1_Phage,CFU,64,64
1,E.coli,3M,3M,E_Bd1_Phage,CFU,56,56
1,E.coli,3M,3M,E_Bd1_Phage,CFU,39,39
1,E.coli,3M,3M,E_Bd1_Phage,CFU,37,37
1,E.coli,3M,3M,E_Bd1_Phage,CFU,34,34
1,E.coli,3M,3M,E_Bd1_Phage,CFU,43,43
1,E.coli,3M,3M,E_Bd1_Phage,CFU,47,47
1,E.coli,3M,3M,E_Bd1_Phage,CFU,50,50
3,E.coli,1M,1M_E,E.coli,CFU,120,120
3,E.coli,1M,1M_E,E.coli,CFU,231,231
3,E.coli,1M,1M_E,E.coli,CFU,215,215
3,E.coli,1M,1M_E,E.coli,CFU,180,180
3,E.coli,1M,1M_E,E.coli,CFU,190,190
3,E.coli,1M,1M_E,E.coli,CFU,210,210
3,E.coli,1M,1M_E,E.coli,CFU,197,197
3,E.coli,1M,1M_E,E.coli,CFU,182,182
3,E.coli,1M,1M_E,E.coli,CFU,213,213
3,E.coli,2M,2M,Bd1_E.coli,CFU,45,45
3,E.coli,2M,2M,Bd1_E.coli,CFU,49,49
3,E.coli,2M,2M,Bd1_E.coli,CFU,30,30
3,E.coli,2M,2M,Bd1_E.coli,CFU,29,29
3,E.coli,2M,2M,Bd1_E.coli,CFU,37,37
3,E.coli,2M,2M,Bd1_E.coli,CFU,42,42
3,E.coli,2M,2M,Bd1_E.coli,CFU,46,46
3,E.coli,2M,2M,Bd1_E.coli,CFU,39,39
3,E.coli,2M,2M,Bd1_E.coli,CFU,33,33
3,E.coli,2M,2M,Phage_E.coli,CFU,36,36
3,E.coli,2M,2M,Phage_E.coli,CFU,41,41
3,E.coli,2M,2M,Phage_E.coli,CFU,75,75
3,E.coli,2M,2M,Phage_E.coli,CFU,35,35
3,E.coli,2M,2M,Phage_E.coli,CFU,39,39
3,E.coli,2M,2M,Phage_E.coli,CFU,43,43
3,E.coli,2M,2M,Phage_E.coli,CFU,42,42
3,E.coli,2M,2M,Phage_E.coli,CFU,65,65
3,E.coli,2M,2M,Phage_E.coli,CFU,34,34
3,E.coli,3M,3M,E_Bd1_Phage,CFU,43,43
3,E.coli,3M,3M,E_Bd1_Phage,CFU,33,33
3,E.coli,3M,3M,E_Bd1_Phage,CFU,75,75
3,E.coli,3M,3M,E_Bd1_Phage,CFU,40,40
3,E.coli,3M,3M,E_Bd1_Phage,CFU,45,45
3,E.coli,3M,3M,E_Bd1_Phage,CFU,32,32
3,E.coli,3M,3M,E_Bd1_Phage,CFU,31,31
3,E.coli,3M,3M,E_Bd1_Phage,CFU,44,44
3,E.coli,3M,3M,E_Bd1_Phage,CFU,56,56
5,E.coli,1M,1M_E,E.coli,CFU,134,134
5,E.coli,1M,1M_E,E.coli,CFU,137,137
5,E.coli,1M,1M_E,E.coli,CFU,145,145
5,E.coli,1M,1M_E,E.coli,CFU,301,301
5,E.coli,1M,1M_E,E.coli,CFU,170,170
5,E.coli,1M,1M_E,E.coli,CFU,235,235
5,E.coli,1M,1M_E,E.coli,CFU,128,128
5,E.coli,1M,1M_E,E.coli,CFU,165,165
5,E.coli,1M,1M_E,E.coli,CFU,111,111
5,E.coli,2M,2M,Bd1_E.coli,CFU,30,30
5,E.coli,2M,2M,Bd1_E.coli,CFU,35,35
5,E.coli,2M,2M,Bd1_E.coli,CFU,49,49
5,E.coli,2M,2M,Bd1_E.coli,CFU,23,23
5,E.coli,2M,2M,Bd1_E.coli,CFU,34,34
5,E.coli,2M,2M,Bd1_E.coli,CFU,29,29
5,E.coli,2M,2M,Bd1_E.coli,CFU,32,32
5,E.coli,2M,2M,Bd1_E.coli,CFU,43,43
5,E.coli,2M,2M,Bd1_E.coli,CFU,27,27
5,E.coli,2M,2M,Phage_E.coli,CFU,31,31
5,E.coli,2M,2M,Phage_E.coli,CFU,32,32
5,E.coli,2M,2M,Phage_E.coli,CFU,39,39
5,E.coli,2M,2M,Phage_E.coli,CFU,35,35
5,E.coli,2M,2M,Phage_E.coli,CFU,29,29
5,E.coli,2M,2M,Phage_E.coli,CFU,31,31
5,E.coli,2M,2M,Phage_E.coli,CFU,27,27
5,E.coli,2M,2M,Phage_E.coli,CFU,34,34
5,E.coli,2M,2M,Phage_E.coli,CFU,42,42
5,E.coli,3M,3M,E_Bd1_Phage,CFU,67,67
5,E.coli,3M,3M,E_Bd1_Phage,CFU,37,37
5,E.coli,3M,3M,E_Bd1_Phage,CFU,32,32
5,E.coli,3M,3M,E_Bd1_Phage,CFU,45,45
5,E.coli,3M,3M,E_Bd1_Phage,CFU,34,34
5,E.coli,3M,3M,E_Bd1_Phage,CFU,33,33
5,E.coli,3M,3M,E_Bd1_Phage,CFU,32,32
5,E.coli,3M,3M,E_Bd1_Phage,CFU,24,24
5,E.coli,3M,3M,E_Bd1_Phage,CFU,32,32
0,BALO,1M,1M_BALO,BALO,OD,0.001,0.001
0,BALO,1M,1M_BALO,BALO,OD,0,0
0,BALO,1M,1M_BALO,BALO,OD,0,0
0,BALO,1M,1M_BALO,BALO,OD,0.004,0.004
0,BALO,1M,1M_BALO,BALO,OD,0.005,0.005
0,BALO,1M,1M_BALO,BALO,OD,0.004,0.004
0,BALO,1M,1M_BALO,BALO,OD,0.004,0.004
0,BALO,1M,1M_BALO,BALO,OD,0.004,0.004
0,BALO,1M,1M_BALO,BALO,OD,0.003,0.003
0,Phage,1M,1M_Phage,Phage,OD,0.001,0.001
0,Phage,1M,1M_Phage,Phage,OD,0.001,0.001
0,Phage,1M,1M_Phage,Phage,OD,0.001,0.001
0,Phage,1M,1M_Phage,Phage,OD,0,0
0,Phage,1M,1M_Phage,Phage,OD,0,0
0,Phage,1M,1M_Phage,Phage,OD,0,0
0,Phage,1M,1M_Phage,Phage,OD,0,0
0,Phage,1M,1M_Phage,Phage,OD,0,0
0,Phage,1M,1M_Phage,Phage,OD,0,0
0,E.coli,1M,1M_E,E.coli,OD,0.135,0.135
0,E.coli,1M,1M_E,E.coli,OD,0.137,0.137
0,E.coli,1M,1M_E,E.coli,OD,0.134,0.134
0,E.coli,1M,1M_E,E.coli,OD,0.132,0.132
0,E.coli,1M,1M_E,E.coli,OD,0.134,0.134
0,E.coli,1M,1M_E,E.coli,OD,0.134,0.134
0,E.coli,1M,1M_E,E.coli,OD,0.137,0.137
0,E.coli,1M,1M_E,E.coli,OD,0.136,0.136
0,E.coli,1M,1M_E,E.coli,OD,0.133,0.133
0,BALO,2M,2M,Bd1_Phage,OD,0.001,0.001
0,BALO,2M,2M,Bd1_Phage,OD,0.001,0.001
0,BALO,2M,2M,Bd1_Phage,OD,0.001,0.001
0,BALO,2M,2M,Bd1_Phage,OD,0.001,0.001
0,BALO,2M,2M,Bd1_Phage,OD,0.001,0.001
0,BALO,2M,2M,Bd1_Phage,OD,0.001,0.001
0,BALO,2M,2M,Bd1_Phage,OD,0.001,0.001
0,BALO,2M,2M,Bd1_Phage,OD,0.001,0.001
0,BALO,2M,2M,Bd1_Phage,OD,0.001,0.001
0,BALO,2M,2M,Bd1_Phage,OD,0,0
0,E.coli,2M,2M,Bd1_E.coli,OD,0.132,0.132
0,E.coli,2M,2M,Bd1_E.coli,OD,0.131,0.131
0,E.coli,2M,2M,Bd1_E.coli,OD,0.133,0.133
0,E.coli,2M,2M,Bd1_E.coli,OD,0.13,0.13
0,E.coli,2M,2M,Bd1_E.coli,OD,0.131,0.131
0,E.coli,2M,2M,Bd1_E.coli,OD,0.132,0.132
0,E.coli,2M,2M,Bd1_E.coli,OD,0.135,0.135
0,E.coli,2M,2M,Bd1_E.coli,OD,0.13,0.13
0,E.coli,2M,2M,Bd1_E.coli,OD,0.133,0.133
0,E.coli,2M,2M,Phage_E.coli,OD,0.135,0.135
0,E.coli,2M,2M,Phage_E.coli,OD,0.132,0.132
0,E.coli,2M,2M,Phage_E.coli,OD,0.134,0.134
0,E.coli,2M,2M,Phage_E.coli,OD,0.134,0.134
0,E.coli,2M,2M,Phage_E.coli,OD,0.133,0.133
0,E.coli,2M,2M,Phage_E.coli,OD,0.134,0.134
0,E.coli,2M,2M,Phage_E.coli,OD,0.132,0.132
0,E.coli,2M,2M,Phage_E.coli,OD,0.13,0.13
0,E.coli,2M,2M,Phage_E.coli,OD,0.133,0.133
0,E.coli,3M,3M,E_Bd1_Phage,OD,0.134,0.134
0,E.coli,3M,3M,E_Bd1_Phage,OD,0.136,0.136
0,E.coli,3M,3M,E_Bd1_Phage,OD,0.136,0.136
0,E.coli,3M,3M,E_Bd1_Phage,OD,0.135,0.135
0,E.coli,3M,3M,E_Bd1_Phage,OD,0.136,0.136
0,E.coli,3M,3M,E_Bd1_Phage,OD,0.137,0.137
0,E.coli,3M,3M,E_Bd1_Phage,OD,0.133,0.133
0,E.coli,3M,3M,E_Bd1_Phage,OD,0.132,0.132
0,E.coli,3M,3M,E_Bd1_Phage,OD,0.134,0.134
0.5,BALO,1M,1M,1M_BALO,OD,0.001,0.001
0.5,BALO,1M,1M,1M_BALO,OD,0.001,0.001
0.5,BALO,1M,1M,1M_BALO,OD,0.002,0.002
0.5,BALO,1M,1M,1M_BALO,OD,0.003,0.003
0.5,BALO,1M,1M,1M_BALO,OD,0.004,0.004
0.5,BALO,1M,1M,1M_BALO,OD,0.003,0.003
0.5,BALO,1M,1M,1M_BALO,OD,0.004,0.004
0.5,BALO,1M,1M,1M_BALO,OD,0.003,0.003
0.5,BALO,1M,1M,1M_BALO,OD,0.004,0.004
0.5,Phage,1M,1M_Phage,Phage,OD,0.001,0.001
0.5,Phage,1M,1M_Phage,Phage,OD,0.001,0.001
0.5,Phage,1M,1M_Phage,Phage,OD,0.001,0.001
0.5,Phage,1M,1M_Phage,Phage,OD,0,0
0.5,Phage,1M,1M_Phage,Phage,OD,0,0
0.5,Phage,1M,1M_Phage,Phage,OD,0,0
0.5,Phage,1M,1M_Phage,Phage,OD,0.001,0.001
0.5,Phage,1M,1M_Phage,Phage,OD,0.001,0.001
0.5,Phage,1M,1M_Phage,Phage,OD,0,0
0.5,E.coli,1M,1M_E,E.coli,OD,0.134,0.134
0.5,E.coli,1M,1M_E,E.coli,OD,0.132,0.132
0.5,E.coli,1M,1M_E,E.coli,OD,0.132,0.132
0.5,E.coli,1M,1M_E,E.coli,OD,0.134,0.134
0.5,E.coli,1M,1M_E,E.coli,OD,0.134,0.134
0.5,E.coli,1M,1M_E,E.coli,OD,0.134,0.134
0.5,E.coli,1M,1M_E,E.coli,OD,0.133,0.133
0.5,E.coli,1M,1M_E,E.coli,OD,0.134,0.134
0.5,E.coli,1M,1M_E,E.coli,OD,0.134,0.134
0.5,BALO,2M,2M,Bd1_Phage,OD,0.001,0.001
0.5,BALO,2M,2M,Bd1_Phage,OD,0,0
0.5,BALO,2M,2M,Bd1_Phage,OD,0.001,0.001
0.5,BALO,2M,2M,Bd1_Phage,OD,0.001,0.001
0.5,BALO,2M,2M,Bd1_Phage,OD,0.001,0.001
0.5,BALO,2M,2M,Bd1_Phage,OD,0.001,0.001
0.5,BALO,2M,2M,Bd1_Phage,OD,0.001,0.001
0.5,BALO,2M,2M,Bd1_Phage,OD,0.001,0.001
0.5,BALO,2M,2M,Bd1_Phage,OD,0.001,0.001
0.5,BALO,2M,2M,Bd1_Phage,OD,0,0
0.5,E.coli,2M,2M,Bd1_E.coli,OD,0.133,0.133
0.5,E.coli,2M,2M,Bd1_E.coli,OD,0.132,0.132
0.5,E.coli,2M,2M,Bd1_E.coli,OD,0.133,0.133
0.5,E.coli,2M,2M,Bd1_E.coli,OD,0.129,0.129
0.5,E.coli,2M,2M,Bd1_E.coli,OD,0.132,0.132
0.5,E.coli,2M,2M,Bd1_E.coli,OD,0.13,0.13
0.5,E.coli,2M,2M,Bd1_E.coli,OD,0.132,0.132
0.5,E.coli,2M,2M,Bd1_E.coli,OD,0.133,0.133
0.5,E.coli,2M,2M,Bd1_E.coli,OD,0.132,0.132
0.5,E.coli,2M,2M,Phage_E.coli,OD,0.132,0.132
0.5,E.coli,2M,2M,Phage_E.coli,OD,0.13,0.13
0.5,E.coli,2M,2M,Phage_E.coli,OD,0.13,0.13
0.5,E.coli,2M,2M,Phage_E.coli,OD,0.129,0.129
0.5,E.coli,2M,2M,Phage_E.coli,OD,0.131,0.131
0.5,E.coli,2M,2M,Phage_E.coli,OD,0.128,0.128
0.5,E.coli,2M,2M,Phage_E.coli,OD,0.129,0.129
0.5,E.coli,2M,2M,Phage_E.coli,OD,0.129,0.129
0.5,E.coli,2M,2M,Phage_E.coli,OD,0.127,0.127
0.5,E.coli,3M,3M,E_Bd1_Phage,OD,0.128,0.128
0.5,E.coli,3M,3M,E_Bd1_Phage,OD,0.127,0.127
0.5,E.coli,3M,3M,E_Bd1_Phage,OD,0.13,0.13
0.5,E.coli,3M,3M,E_Bd1_Phage,OD,0.127,0.127
0.5,E.coli,3M,3M,E_Bd1_Phage,OD,0.126,0.126
0.5,E.coli,3M,3M,E_Bd1_Phage,OD,0.126,0.126
0.5,E.coli,3M,3M,E_Bd1_Phage,OD,0.126,0.126
0.5,E.coli,3M,3M,E_Bd1_Phage,OD,0.126,0.126
0.5,E.coli,3M,3M,E_Bd1_Phage,OD,0.125,0.125
1,BALO,1M,1M_BALO,BALO,OD,0.001,0.001
1,BALO,1M,1M_BALO,BALO,OD,0.001,0.001
1,BALO,1M,1M_BALO,BALO,OD,0.001,0.001
1,BALO,1M,1M_BALO,BALO,OD,0.004,0.004
1,BALO,1M,1M_BALO,BALO,OD,0.003,0.003
1,BALO,1M,1M_BALO,BALO,OD,0.003,0.003
1,BALO,1M,1M_BALO,BALO,OD,0.004,0.004
1,BALO,1M,1M_BALO,BALO,OD,0.004,0.004
1,BALO,1M,1M_BALO,BALO,OD,0.004,0.004
1,Phage,1M,1M_Phage,Phage,OD,0.001,0.001
1,Phage,1M,1M_Phage,Phage,OD,0.001,0.001
1,Phage,1M,1M_Phage,Phage,OD,0,0
1,Phage,1M,1M_Phage,Phage,OD,0,0
1,Phage,1M,1M_Phage,Phage,OD,0,0
1,Phage,1M,1M_Phage,Phage,OD,0.001,0.001
1,Phage,1M,1M_Phage,Phage,OD,0.001,0.001
1,Phage,1M,1M_Phage,Phage,OD,0.001,0.001
1,Phage,1M,1M_Phage,Phage,OD,0.001,0.001
1,E.coli,1M,1M_E,E.coli,OD,0.133,0.133
1,E.coli,1M,1M_E,E.coli,OD,0.13,0.13
1,E.coli,1M,1M_E,E.coli,OD,0.133,0.133
1,E.coli,1M,1M_E,E.coli,OD,0.134,0.134
1,E.coli,1M,1M_E,E.coli,OD,0.134,0.134
1,E.coli,1M,1M_E,E.coli,OD,0.133,0.133
1,E.coli,1M,1M_E,E.coli,OD,0.135,0.135
1,E.coli,1M,1M_E,E.coli,OD,0.13,0.13
1,E.coli,1M,1M_E,E.coli,OD,0.136,0.136
1,BALO,2M,2M,Bd1_Phage,OD,0,0
1,BALO,2M,2M,Bd1_Phage,OD,0,0
1,BALO,2M,2M,Bd1_Phage,OD,0,0
1,BALO,2M,2M,Bd1_Phage,OD,0.001,0.001
1,BALO,2M,2M,Bd1_Phage,OD,0.001,0.001
1,BALO,2M,2M,Bd1_Phage,OD,0.001,0.001
1,BALO,2M,2M,Bd1_Phage,OD,0.001,0.001
1,BALO,2M,2M,Bd1_Phage,OD,0.001,0.001
1,BALO,2M,2M,Bd1_Phage,OD,0.001,0.001
1,BALO,2M,2M,Bd1_Phage,OD,0,0
1,E.coli,2M,2M,Bd1_E.coli,OD,0.132,0.132
1,E.coli,2M,2M,Bd1_E.coli,OD,0.131,0.131
1,E.coli,2M,2M,Bd1_E.coli,OD,0.13,0.13
1,E.coli,2M,2M,Bd1_E.coli,OD,0.128,0.128
1,E.coli,2M,2M,Bd1_E.coli,OD,0.127,0.127
1,E.coli,2M,2M,Bd1_E.coli,OD,0.126,0.126
1,E.coli,2M,2M,Bd1_E.coli,OD,0.126,0.126
1,E.coli,2M,2M,Bd1_E.coli,OD,0.126,0.126
1,E.coli,2M,2M,Bd1_E.coli,OD,0.127,0.127
1,E.coli,2M,2M,Phage_E.coli,OD,0.132,0.132
1,E.coli,2M,2M,Phage_E.coli,OD,0.131,0.131
1,E.coli,2M,2M,Phage_E.coli,OD,0.129,0.129
1,E.coli,2M,2M,Phage_E.coli,OD,0.13,0.13
1,E.coli,2M,2M,Phage_E.coli,OD,0.131,0.131
1,E.coli,2M,2M,Phage_E.coli,OD,0.128,0.128
1,E.coli,2M,2M,Phage_E.coli,OD,0.126,0.126
1,E.coli,2M,2M,Phage_E.coli,OD,0.126,0.126
1,E.coli,2M,2M,Phage_E.coli,OD,0.127,0.127
1,E.coli,3M,3M,E_Bd1_Phage,OD,0.128,0.128
1,E.coli,3M,3M,E_Bd1_Phage,OD,0.127,0.127
1,E.coli,3M,3M,E_Bd1_Phage,OD,0.125,0.125
1,E.coli,3M,3M,E_Bd1_Phage,OD,0.124,0.124
1,E.coli,3M,3M,E_Bd1_Phage,OD,0.125,0.125
1,E.coli,3M,3M,E_Bd1_Phage,OD,0.125,0.125
1,E.coli,3M,3M,E_Bd1_Phage,OD,0.123,0.123
1,E.coli,3M,3M,E_Bd1_Phage,OD,0.123,0.123
1,E.coli,3M,3M,E_Bd1_Phage,OD,0.122,0.122
3,BALO,1M,1M_BALO,BALO,OD,0.002,0.002
3,BALO,1M,1M_BALO,BALO,OD,0.001,0.001
3,BALO,1M,1M_BALO,BALO,OD,0.002,0.002
3,BALO,1M,1M_BALO,BALO,OD,0.003,0.003
3,BALO,1M,1M_BALO,BALO,OD,0.002,0.002
3,BALO,1M,1M_BALO,BALO,OD,0.002,0.002
3,BALO,1M,1M_BALO,BALO,OD,0.002,0.002
3,BALO,1M,1M_BALO,BALO,OD,0.003,0.003
3,BALO,1M,1M_BALO,BALO,OD,0.003,0.003
3,Phage,1M,1M_Phage,Phage,OD,0.001,0.001
3,Phage,1M,1M_Phage,Phage,OD,0.001,0.001
3,Phage,1M,1M_Phage,Phage,OD,0,0
3,Phage,1M,1M_Phage,Phage,OD,0.001,0.001
3,Phage,1M,1M_Phage,Phage,OD,0,0
3,Phage,1M,1M_Phage,Phage,OD,0.001,0.001
3,Phage,1M,1M_Phage,Phage,OD,0,0
3,Phage,1M,1M_Phage,Phage,OD,0,0
3,Phage,1M,1M_Phage,Phage,OD,0.001,0.001
3,E.coli,1M,1M_E,E.coli,OD,0.13,0.13
3,E.coli,1M,1M_E,E.coli,OD,0.13,0.13
3,E.coli,1M,1M_E,E.coli,OD,0.13,0.13
3,E.coli,1M,1M_E,E.coli,OD,0.133,0.133
3,E.coli,1M,1M_E,E.coli,OD,0.134,0.134
3,E.coli,1M,1M_E,E.coli,OD,0.134,0.134
3,E.coli,1M,1M_E,E.coli,OD,0.133,0.133
3,E.coli,1M,1M_E,E.coli,OD,0.134,0.134
3,E.coli,1M,1M_E,E.coli,OD,0.135,0.135
3,BALO,2M,2M,Bd1_Phage,OD,0.001,0.001
3,BALO,2M,2M,Bd1_Phage,OD,0.001,0.001
3,BALO,2M,2M,Bd1_Phage,OD,0.001,0.001
3,BALO,2M,2M,Bd1_Phage,OD,0.001,0.001
3,BALO,2M,2M,Bd1_Phage,OD,0.001,0.001
3,BALO,2M,2M,Bd1_Phage,OD,0.001,0.001
3,BALO,2M,2M,Bd1_Phage,OD,0,0
3,BALO,2M,2M,Bd1_Phage,OD,0.001,0.001
3,BALO,2M,2M,Bd1_Phage,OD,0.001,0.001
3,BALO,2M,2M,Bd1_Phage,OD,0,0
3,E.coli,2M,2M,Bd1_E.coli,OD,0.122,0.122
3,E.coli,2M,2M,Bd1_E.coli,OD,0.121,0.121
3,E.coli,2M,2M,Bd1_E.coli,OD,0.12,0.12
3,E.coli,2M,2M,Bd1_E.coli,OD,0.121,0.121
3,E.coli,2M,2M,Bd1_E.coli,OD,0.122,0.122
3,E.coli,2M,2M,Bd1_E.coli,OD,0.124,0.124
3,E.coli,2M,2M,Bd1_E.coli,OD,0.122,0.122
3,E.coli,2M,2M,Bd1_E.coli,OD,0.122,0.122
3,E.coli,2M,2M,Bd1_E.coli,OD,0.122,0.122
3,E.coli,2M,2M,Phage_E.coli,OD,0.124,0.124
3,E.coli,2M,2M,Phage_E.coli,OD,0.124,0.124
3,E.coli,2M,2M,Phage_E.coli,OD,0.123,0.123
3,E.coli,2M,2M,Phage_E.coli,OD,0.125,0.125
3,E.coli,2M,2M,Phage_E.coli,OD,0.125,0.125
3,E.coli,2M,2M,Phage_E.coli,OD,0.126,0.126
3,E.coli,2M,2M,Phage_E.coli,OD,0.125,0.125
3,E.coli,2M,2M,Phage_E.coli,OD,0.125,0.125
3,E.coli,2M,2M,Phage_E.coli,OD,0.125,0.125
3,E.coli,3M,3M,E_Bd1_Phage,OD,0.12,0.12
3,E.coli,3M,3M,E_Bd1_Phage,OD,0.117,0.117
3,E.coli,3M,3M,E_Bd1_Phage,OD,0.118,0.118
3,E.coli,3M,3M,E_Bd1_Phage,OD,0.121,0.121
3,E.coli,3M,3M,E_Bd1_Phage,OD,0.12,0.12
3,E.coli,3M,3M,E_Bd1_Phage,OD,0.12,0.12
3,E.coli,3M,3M,E_Bd1_Phage,OD,0.12,0.12
3,E.coli,3M,3M,E_Bd1_Phage,OD,0.119,0.119
3,E.coli,3M,3M,E_Bd1_Phage,OD,0.118,0.118
5,BALO,1M,1M_BALO,BALO,OD,0.001,0.001
5,BALO,1M,1M_BALO,BALO,OD,0.001,0.001
5,BALO,1M,1M_BALO,BALO,OD,0.001,0.001
5,BALO,1M,1M_BALO,BALO,OD,0.002,0.002
5,BALO,1M,1M_BALO,BALO,OD,0.002,0.002
5,BALO,1M,1M_BALO,BALO,OD,0.002,0.002
5,BALO,1M,1M_BALO,BALO,OD,0.002,0.002
5,BALO,1M,1M_BALO,BALO,OD,0.002,0.002
5,BALO,1M,1M_BALO,BALO,OD,0.001,0.001
5,Phage,1M,1M_Phage,Phage,OD,0,0
5,Phage,1M,1M_Phage,Phage,OD,0,0
5,Phage,1M,1M_Phage,Phage,OD,0,0
5,Phage,1M,1M_Phage,Phage,OD,0.001,0.001
5,Phage,1M,1M_Phage,Phage,OD,0.001,0.001
5,Phage,1M,1M_Phage,Phage,OD,0.001,0.001
5,Phage,1M,1M_Phage,Phage,OD,0.001,0.001
5,Phage,1M,1M_Phage,Phage,OD,0.001,0.001
5,Phage,1M,1M_Phage,Phage,OD,0.001,0.001
5,E.coli,1M,1M_E,E.coli,OD,0.133,0.133
5,E.coli,1M,1M_E,E.coli,OD,0.134,0.134
5,E.coli,1M,1M_E,E.coli,OD,0.133,0.133
5,E.coli,1M,1M_E,E.coli,OD,0.133,0.133
5,E.coli,1M,1M_E,E.coli,OD,0.133,0.133
5,E.coli,1M,1M_E,E.coli,OD,0.133,0.133
5,E.coli,1M,1M_E,E.coli,OD,0.135,0.135
5,E.coli,1M,1M_E,E.coli,OD,0.135,0.135
5,E.coli,1M,1M_E,E.coli,OD,0.134,0.134
5,BALO,2M,2M,Bd1_Phage,OD,0.001,0.001
5,BALO,2M,2M,Bd1_Phage,OD,0.001,0.001
5,BALO,2M,2M,Bd1_Phage,OD,0.001,0.001
5,BALO,2M,2M,Bd1_Phage,OD,0,0
5,BALO,2M,2M,Bd1_Phage,OD,0,0
5,BALO,2M,2M,Bd1_Phage,OD,0,0
5,BALO,2M,2M,Bd1_Phage,OD,0.001,0.001
5,BALO,2M,2M,Bd1_Phage,OD,0,0
5,BALO,2M,2M,Bd1_Phage,OD,0.001,0.001
5,BALO,2M,2M,Bd1_Phage,OD,0,0
5,E.coli,2M,2M,Bd1_E.coli,OD,0.115,0.115
5,E.coli,2M,2M,Bd1_E.coli,OD,0.114,0.114
5,E.coli,2M,2M,Bd1_E.coli,OD,0.115,0.115
5,E.coli,2M,2M,Bd1_E.coli,OD,0.113,0.113
5,E.coli,2M,2M,Bd1_E.coli,OD,0.112,0.112
5,E.coli,2M,2M,Bd1_E.coli,OD,0.112,0.112
5,E.coli,2M,2M,Bd1_E.coli,OD,0.115,0.115
5,E.coli,2M,2M,Bd1_E.coli,OD,0.115,0.115
5,E.coli,2M,2M,Bd1_E.coli,OD,0.115,0.115
5,E.coli,2M,2M,Phage_E.coli,OD,0.119,0.119
5,E.coli,2M,2M,Phage_E.coli,OD,0.12,0.12
5,E.coli,2M,2M,Phage_E.coli,OD,0.12,0.12
5,E.coli,2M,2M,Phage_E.coli,OD,0.12,0.12
5,E.coli,2M,2M,Phage_E.coli,OD,0.12,0.12
5,E.coli,2M,2M,Phage_E.coli,OD,0.119,0.119
5,E.coli,2M,2M,Phage_E.coli,OD,0.119,0.119
5,E.coli,2M,2M,Phage_E.coli,OD,0.118,0.118
5,E.coli,2M,2M,Phage_E.coli,OD,0.118,0.118
5,E.coli,3M,3M,E_Bd1_Phage,OD,0.112,0.112
5,E.coli,3M,3M,E_Bd1_Phage,OD,0.112,0.112
5,E.coli,3M,3M,E_Bd1_Phage,OD,0.111,0.111
5,E.coli,3M,3M,E_Bd1_Phage,OD,0.113,0.113
5,E.coli,3M,3M,E_Bd1_Phage,OD,0.113,0.113
5,E.coli,3M,3M,E_Bd1_Phage,OD,0.114,0.114
5,E.coli,3M,3M,E_Bd1_Phage,OD,0.11,0.11
5,E.coli,3M,3M,E_Bd1_Phage,OD,0.11,0.11
5,E.coli,3M,3M,E_Bd1_Phage,OD,0.112,0.112